-- MySQL dump 10.13  Distrib 5.1.69, for redhat-linux-gnu (x86_64)
--
-- Host: localhost    Database: testv3blank
-- ------------------------------------------------------
-- Server version	5.1.69-log

/*!40101 SET @OLD_CHARACTER_SET_CLIENT=@@CHARACTER_SET_CLIENT */;
/*!40101 SET @OLD_CHARACTER_SET_RESULTS=@@CHARACTER_SET_RESULTS */;
/*!40101 SET @OLD_COLLATION_CONNECTION=@@COLLATION_CONNECTION */;
/*!40101 SET NAMES utf8 */;
/*!40103 SET @OLD_TIME_ZONE=@@TIME_ZONE */;
/*!40103 SET TIME_ZONE='+00:00' */;
/*!40014 SET @OLD_UNIQUE_CHECKS=@@UNIQUE_CHECKS, UNIQUE_CHECKS=0 */;
/*!40014 SET @OLD_FOREIGN_KEY_CHECKS=@@FOREIGN_KEY_CHECKS, FOREIGN_KEY_CHECKS=0 */;
/*!40101 SET @OLD_SQL_MODE=@@SQL_MODE, SQL_MODE='NO_AUTO_VALUE_ON_ZERO' */;
/*!40111 SET @OLD_SQL_NOTES=@@SQL_NOTES, SQL_NOTES=0 */;

--
-- Table structure for table `zzzsys_access_level`
--

DROP TABLE IF EXISTS `zzzsys_access_level`;
/*!40101 SET @saved_cs_client     = @@character_set_client */;
/*!40101 SET character_set_client = utf8 */;
CREATE TABLE `zzzsys_access_level` (
  `zzzsys_access_level_id` varchar(25) NOT NULL DEFAULT '',
  `zzzsys_access_level_setup` varchar(1) NOT NULL,
  `sal_code` varchar(50) DEFAULT NULL,
  `sal_description` varchar(200) DEFAULT NULL,
  `sal_zzzsys_form_id` varchar(25) NOT NULL,
  `zzzsys_access_level_log_added_at` datetime NOT NULL,
  `zzzsys_access_level_log_added_by` varchar(25) NOT NULL,
  `zzzsys_access_level_log_changed_at` datetime NOT NULL,
  `zzzsys_access_level_log_changed_by` varchar(25) NOT NULL,
  `zzzsys_access_level_log_viewed_at` datetime NOT NULL,
  `zzzsys_access_level_log_viewed_by` varchar(25) NOT NULL,
  PRIMARY KEY (`zzzsys_access_level_id`),
  KEY `sal_name` (`sal_code`),
  KEY `sal_zzzsys_form_id` (`sal_zzzsys_form_id`)
) ENGINE=InnoDB DEFAULT CHARSET=utf8;
/*!40101 SET character_set_client = @saved_cs_client */;

--
-- Dumping data for table `zzzsys_access_level`
--

LOCK TABLES `zzzsys_access_level` WRITE;
/*!40000 ALTER TABLE `zzzsys_access_level` DISABLE KEYS */;
/*!40000 ALTER TABLE `zzzsys_access_level` ENABLE KEYS */;
UNLOCK TABLES;

--
-- Table structure for table `zzzsys_access_level_form`
--

DROP TABLE IF EXISTS `zzzsys_access_level_form`;
/*!40101 SET @saved_cs_client     = @@character_set_client */;
/*!40101 SET character_set_client = utf8 */;
CREATE TABLE `zzzsys_access_level_form` (
  `zzzsys_access_level_form_id` varchar(25) NOT NULL DEFAULT '',
  `zzzsys_access_level_form_setup` varchar(1) NOT NULL,
  `slf_zzzsys_access_level_id` varchar(25) DEFAULT NULL,
  `slf_zzzsys_form_id` varchar(25) DEFAULT NULL,
  `slf_add_button` varchar(1) NOT NULL,
  `slf_save_button` varchar(1) NOT NULL,
  `slf_delete_button` varchar(1) NOT NULL,
  `slf_clone_button` varchar(1) NOT NULL,
  `slf_new_button` varchar(1) NOT NULL,
  `slf_print_button` varchar(1) NOT NULL,
  `zzzsys_access_level_form_log_added_at` datetime NOT NULL,
  `zzzsys_access_level_form_log_added_by` varchar(25) NOT NULL,
  `zzzsys_access_level_form_log_changed_at` datetime NOT NULL,
  `zzzsys_access_level_form_log_changed_by` varchar(25) NOT NULL,
  `zzzsys_access_level_form_log_viewed_at` datetime NOT NULL,
  `zzzsys_access_level_form_log_viewed_by` varchar(25) NOT NULL,
  PRIMARY KEY (`zzzsys_access_level_form_id`),
  KEY `saf_zzzsys_access_level_id` (`slf_zzzsys_access_level_id`),
  KEY `slf_zzzsys_form_id` (`slf_zzzsys_form_id`)
) ENGINE=InnoDB DEFAULT CHARSET=utf8;
/*!40101 SET character_set_client = @saved_cs_client */;

--
-- Dumping data for table `zzzsys_access_level_form`
--

LOCK TABLES `zzzsys_access_level_form` WRITE;
/*!40000 ALTER TABLE `zzzsys_access_level_form` DISABLE KEYS */;
/*!40000 ALTER TABLE `zzzsys_access_level_form` ENABLE KEYS */;
UNLOCK TABLES;

--
-- Table structure for table `zzzsys_access_level_php`
--

DROP TABLE IF EXISTS `zzzsys_access_level_php`;
/*!40101 SET @saved_cs_client     = @@character_set_client */;
/*!40101 SET character_set_client = utf8 */;
CREATE TABLE `zzzsys_access_level_php` (
  `zzzsys_access_level_php_id` varchar(25) NOT NULL,
  `zzzsys_access_level_php_setup` varchar(1) NOT NULL,
  `slp_zzzsys_access_level_id` varchar(25) DEFAULT NULL,
  `slp_zzzsys_php_id` varchar(25) DEFAULT NULL,
  `zzzsys_access_level_php_log_added_at` datetime NOT NULL,
  `zzzsys_access_level_php_log_added_by` varchar(25) NOT NULL,
  `zzzsys_access_level_php_log_changed_at` datetime NOT NULL,
  `zzzsys_access_level_php_log_changed_by` varchar(25) NOT NULL,
  `zzzsys_access_level_php_log_viewed_at` datetime NOT NULL,
  `zzzsys_access_level_php_log_viewed_by` varchar(25) NOT NULL,
  PRIMARY KEY (`zzzsys_access_level_php_id`),
  KEY `slp_zzzsys_access_level_id` (`slp_zzzsys_access_level_id`),
  KEY `slp_zzzsys_library_id` (`slp_zzzsys_php_id`)
) ENGINE=InnoDB DEFAULT CHARSET=utf8;
/*!40101 SET character_set_client = @saved_cs_client */;

--
-- Dumping data for table `zzzsys_access_level_php`
--

LOCK TABLES `zzzsys_access_level_php` WRITE;
/*!40000 ALTER TABLE `zzzsys_access_level_php` DISABLE KEYS */;
/*!40000 ALTER TABLE `zzzsys_access_level_php` ENABLE KEYS */;
UNLOCK TABLES;

--
-- Table structure for table `zzzsys_access_level_report`
--

DROP TABLE IF EXISTS `zzzsys_access_level_report`;
/*!40101 SET @saved_cs_client     = @@character_set_client */;
/*!40101 SET character_set_client = utf8 */;
CREATE TABLE `zzzsys_access_level_report` (
  `zzzsys_access_level_report_id` varchar(25) NOT NULL,
  `zzzsys_access_level_report_setup` varchar(1) NOT NULL,
  `slr_zzzsys_access_level_id` varchar(25) DEFAULT NULL,
  `slr_zzzsys_report_id` varchar(25) DEFAULT NULL,
  `zzzsys_access_level_report_log_added_at` datetime NOT NULL,
  `zzzsys_access_level_report_log_added_by` varchar(25) NOT NULL,
  `zzzsys_access_level_report_log_changed_at` datetime NOT NULL,
  `zzzsys_access_level_report_log_changed_by` varchar(25) NOT NULL,
  `zzzsys_access_level_report_log_viewed_at` datetime NOT NULL,
  `zzzsys_access_level_report_log_viewed_by` varchar(25) NOT NULL,
  PRIMARY KEY (`zzzsys_access_level_report_id`),
  KEY `slr_zzzsys_access_level_id` (`slr_zzzsys_access_level_id`),
  KEY `slr_zzzsys_report_id` (`slr_zzzsys_report_id`)
) ENGINE=InnoDB DEFAULT CHARSET=utf8;
/*!40101 SET character_set_client = @saved_cs_client */;

--
-- Dumping data for table `zzzsys_access_level_report`
--

LOCK TABLES `zzzsys_access_level_report` WRITE;
/*!40000 ALTER TABLE `zzzsys_access_level_report` DISABLE KEYS */;
/*!40000 ALTER TABLE `zzzsys_access_level_report` ENABLE KEYS */;
UNLOCK TABLES;

--
-- Table structure for table `zzzsys_browse`
--

DROP TABLE IF EXISTS `zzzsys_browse`;
/*!40101 SET @saved_cs_client     = @@character_set_client */;
/*!40101 SET character_set_client = utf8 */;
CREATE TABLE `zzzsys_browse` (
  `zzzsys_browse_id` varchar(25) NOT NULL DEFAULT '',
  `zzzsys_browse_setup` varchar(1) NOT NULL,
  `sbr_zzzsys_form_id` varchar(25) DEFAULT NULL,
  `sbr_title` varchar(100) DEFAULT NULL,
  `sbr_display` varchar(255) DEFAULT NULL,
  `sbr_align` char(1) DEFAULT NULL,
  `sbr_format` varchar(10) DEFAULT NULL,
  `sbr_searchable` char(1) DEFAULT NULL,
  `sbr_sort` varchar(255) DEFAULT NULL,
  `sbr_sortable` char(1) DEFAULT NULL,
  `sbr_visible` char(1) DEFAULT NULL,
  `sbr_order` int(11) DEFAULT NULL,
  `sbr_width` int(11) DEFAULT NULL,
  `zzzsys_browse_log_added_at` datetime NOT NULL,
  `zzzsys_browse_log_added_by` varchar(25) NOT NULL,
  `zzzsys_browse_log_changed_at` datetime NOT NULL,
  `zzzsys_browse_log_changed_by` varchar(25) NOT NULL,
  `zzzsys_browse_log_viewed_at` datetime NOT NULL,
  `zzzsys_browse_log_viewed_by` varchar(25) NOT NULL,
  `zzzsys_browse_nu_setup` varchar(1) DEFAULT NULL,
  PRIMARY KEY (`zzzsys_browse_id`),
  KEY `sbr_zzzsys_form_id` (`sbr_zzzsys_form_id`),
  KEY `sbr_sort` (`sbr_sort`)
) ENGINE=InnoDB DEFAULT CHARSET=utf8;
/*!40101 SET character_set_client = @saved_cs_client */;

--
-- Dumping data for table `zzzsys_browse`
--

LOCK TABLES `zzzsys_browse` WRITE;
/*!40000 ALTER TABLE `zzzsys_browse` DISABLE KEYS */;
INSERT INTO `zzzsys_browse` VALUES ('1455245046b9fd','','nuobject','Field Name','sob_all_name','l','','1','sob_all_name','1','1',20,200,'0000-00-00 00:00:00','','0000-00-00 00:00:00','','2013-12-18 12:04:54','globeadmin','1'),('1455245046b9fe','','nuobject','Order','sob_all_order_number','c','','1','sob_all_order_number','1','1',90,90,'0000-00-00 00:00:00','','0000-00-00 00:00:00','','2013-12-18 12:04:55','globeadmin','1'),('1455245046b9ff','','nuobject','Tab Title','sob_all_tab_title','l','','1','sob_all_tab_title','1','1',50,100,'0000-00-00 00:00:00','','0000-00-00 00:00:00','','2013-12-18 12:04:54','globeadmin','1'),('1455245046b9fz','','nuobject','Type','sob_all_type','l','','1','sob_all_type','1','1',40,90,'0000-00-00 00:00:00','','0000-00-00 00:00:00','','2013-12-18 12:04:54','globeadmin','1'),('1455393203f208','','nuform','Title','sfo_title','l','','1','sfo_title','1','1',20,300,'0000-00-00 00:00:00','','0000-00-00 00:00:00','','2014-01-09 17:09:29','globeadmin','1'),('1455393203f209','','nuform','Table','sfo_table','l','','1','sfo_table','1','1',30,300,'0000-00-00 00:00:00','','0000-00-00 00:00:00','','2014-01-09 17:09:29','globeadmin','1'),('1455393203f20c','','nuobject','Title','sob_all_title','l','','1','sob_all_title','1','1',30,240,'0000-00-00 00:00:00','','0000-00-00 00:00:00','','2013-12-18 12:04:54','globeadmin','1'),('14575d67f6e508','','nuobject','Column','sob_all_column_number','c','','1','sob_all_column_number','1','1',80,90,'0000-00-00 00:00:00','','0000-00-00 00:00:00','','2013-12-18 12:04:55','globeadmin','1'),('14575f7c3aad70','','nuobject','Tab','sob_all_tab_number','c','','1','sob_all_tab_number','1','1',70,90,'0000-00-00 00:00:00','','0000-00-00 00:00:00','','2013-12-18 12:04:55','globeadmin','1'),('14589b1adedddc','','nuform','Name','sfo_name','l','','1','sfo_name','1','1',10,300,'0000-00-00 00:00:00','','0000-00-00 00:00:00','','2014-01-09 17:09:29','globeadmin','1'),('1459200e0c7e5b','','14592006d24488','Code','sal_code','l','','1','sal_code','1','1',10,200,'0000-00-00 00:00:00','','0000-00-00 00:00:00','','2014-01-10 09:34:20','globeadmin','1'),('1459200e0c810b','','14592006d24488','Description','sal_description','l','','1','sal_description','1','1',20,300,'0000-00-00 00:00:00','','0000-00-00 00:00:00','','2014-01-10 09:34:21','globeadmin','1'),('145934bea29f5d','','145934bea27db3','Name','sug_code','l','','1','sug_code','1','1',10,300,'0000-00-00 00:00:00','','0000-00-00 00:00:00','','2013-10-22 14:59:13','globeadmin','1'),('145934f0f1a899','','145934bea27db3','Description','sug_description','l','','1','sug_description','1','1',20,400,'0000-00-00 00:00:00','','0000-00-00 00:00:00','','2013-10-22 14:59:13','globeadmin','1'),('1459354088ccef','','1459354088b09d','Name','sus_name','l','','1','sus_name','1','1',10,300,'0000-00-00 00:00:00','','0000-00-00 00:00:00','','0000-00-00 00:00:00','','1'),('145935537761ee','','1459354088b09d','User Group','sug_code','l','','1','sug_code','1','1',20,300,'0000-00-00 00:00:00','','0000-00-00 00:00:00','','0000-00-00 00:00:00','','1'),('14624594549f6d','','145934bea27db3','Access Level','sal_description','l','','1','sal_description','1','1',30,300,'0000-00-00 00:00:00','','0000-00-00 00:00:00','','2013-10-22 14:59:13','globeadmin','1'),('14624598331c6a','','1459354088b09d','Access Level','sal_description','l','','1','sal_description','1','1',30,300,'0000-00-00 00:00:00','','0000-00-00 00:00:00','','0000-00-00 00:00:00','','1'),('1472e8ca61083f','','1472e8ca60dec1','Code','sfi_code','l','','1','sfi_code','1','1',10,100,'0000-00-00 00:00:00','','0000-00-00 00:00:00','','2014-01-17 13:36:18','globeadmin','1'),('1472e8ca611470','','1472e8ca60dec1','Description','sfi_description','l','','1','sfi_description','1','1',20,300,'0000-00-00 00:00:00','','0000-00-00 00:00:00','','2014-01-17 13:36:18','globeadmin','1'),('147312293cf2e2','','1472e8ca60dec1','Group','sfi_group','l','','1','sfi_group','1','1',30,200,'0000-00-00 00:00:00','','0000-00-00 00:00:00','','2014-01-17 13:36:18','globeadmin','1'),('1487ae96ca1b0f','','nuobject','fid','sob_zzzsys_form_id','l','','1','form_id',NULL,'0',111,1,'0000-00-00 00:00:00','','0000-00-00 00:00:00','','2013-12-18 12:04:55','globeadmin','1'),('1502303e4b43aa','','15023030aec83b','Language','trl_language','l','','1','trl_language',NULL,'1',10,100,'0000-00-00 00:00:00','','0000-00-00 00:00:00','','0000-00-00 00:00:00','','1'),('1502303e4b57df','','15023030aec83b','English','trl_english','l','','1','trl_english',NULL,'1',20,450,'0000-00-00 00:00:00','','0000-00-00 00:00:00','','0000-00-00 00:00:00','','1'),('1502303e4b6c07','','15023030aec83b','Translation','trl_translation','l','','1','trl_translation',NULL,'1',30,450,'0000-00-00 00:00:00','','0000-00-00 00:00:00','','0000-00-00 00:00:00','','1'),('514b90e7ac33aef','','nuobject','Form','form_name','l','','1','form_name',NULL,'1',10,250,'0000-00-00 00:00:00','','0000-00-00 00:00:00','','2013-12-18 12:04:54','globeadmin','1'),('5164af4c1c1ff69','','5164af4c18a8db5','Code','slp_code','','','1','slp_code',NULL,'1',10,150,'0000-00-00 00:00:00','','0000-00-00 00:00:00','','2013-11-08 11:19:18','globeadmin','1'),('5164af4c1ee805b','','5164af4c18a8db5','Description','slp_description','','','1','slp_description',NULL,'1',20,600,'0000-00-00 00:00:00','','0000-00-00 00:00:00','','2013-11-08 11:19:18','globeadmin','1'),('5164af4c21a5c00','','5164af4c18a8db5','Group','slp_group','','','1','slp_group',NULL,'1',30,200,'0000-00-00 00:00:00','','0000-00-00 00:00:00','','2013-11-08 11:19:18','globeadmin','1'),('5164d44fa4daaad','','5164b84609c9fa8','Code','sre_code','','','1','sre_code',NULL,'1',10,200,'0000-00-00 00:00:00','','0000-00-00 00:00:00','','2014-01-10 14:06:32','globeadmin','1'),('5164d859900a861','','5164b84609c9fa8','Description','sre_description','','','1','sre_description',NULL,'1',30,350,'0000-00-00 00:00:00','','0000-00-00 00:00:00','','2014-01-10 14:06:32','globeadmin','1'),('5164df2fe66185c','','5164b84609c9fa8','Group','sre_group','','','1','sre_group',NULL,'1',20,200,'0000-00-00 00:00:00','','0000-00-00 00:00:00','','2014-01-10 14:06:32','globeadmin','1'),('5164dfff1e25e91','','5164b84609c9fa8','PHP Description','slp_description','','','1','slp_description',NULL,'1',40,250,'0000-00-00 00:00:00','','0000-00-00 00:00:00','','2014-01-10 14:06:32','globeadmin','1'),('51661887c6fe74e','','51661887c32f9ec','Name','thecode','','','1','thecode',NULL,'1',10,150,'0000-00-00 00:00:00','','0000-00-00 00:00:00','','2013-10-10 14:10:12','globeadmin','1'),('51661887c9dae99','','51661887c32f9ec','Description','thedesc','','','1','thedesc',NULL,'1',20,250,'0000-00-00 00:00:00','','0000-00-00 00:00:00','','2013-10-10 14:10:12','globeadmin','1'),('51678705c49ea7f','','nurunphp','Code','slp_code','','','1','slp_code',NULL,'1',10,150,'0000-00-00 00:00:00','','0000-00-00 00:00:00','','0000-00-00 00:00:00','','1'),('51678957425d78f','','nurunphp','Description','slp_description','','','1','slp_description',NULL,'1',20,500,'0000-00-00 00:00:00','','0000-00-00 00:00:00','','0000-00-00 00:00:00','','1'),('51678957453334b','','nurunphp','Group','slp_group','','','1','slp_group',NULL,'1',30,200,'0000-00-00 00:00:00','','0000-00-00 00:00:00','','0000-00-00 00:00:00','','1'),('51678e2f28e6c6b','','nurunreport','Code','sre_code','','','1','sre_code',NULL,'1',10,150,'0000-00-00 00:00:00','','0000-00-00 00:00:00','','2014-01-10 16:32:10','globeadmin','1'),('51678e2f2bc0e29','','nurunreport','Description','sre_description','','','0','sre_description',NULL,'1',20,300,'0000-00-00 00:00:00','','0000-00-00 00:00:00','','2014-01-10 16:32:10','globeadmin','1'),('51678e2f2e9396c','','nurunreport','Group','sre_group','','','1','sre_group',NULL,'1',30,200,'0000-00-00 00:00:00','','0000-00-00 00:00:00','','2014-01-10 16:32:10','globeadmin','1'),('521aa4a50c3e360','','521aa180c060e7e','Message','deb_message','l',NULL,NULL,'deb_message',NULL,NULL,30,500,'0000-00-00 00:00:00','','2013-10-25 14:20:41','globeadmin','2014-01-10 13:05:23','globeadmin',NULL),('5269d98a9d3e17b','','5269ae8512ebfd3','Code','sre_code','l',NULL,NULL,'sre_code',NULL,NULL,10,150,'2013-10-25 13:08:02','globeadmin','2013-10-25 13:08:03','globeadmin','2013-10-31 07:58:17','globeadmin',NULL),('5269d98ab51acb5','','5269ae8512ebfd3','Description','sre_description','l','',NULL,'sre_description',NULL,NULL,20,350,'2013-10-25 13:08:03','globeadmin','2013-10-25 13:08:03','globeadmin','2013-10-31 07:58:17','globeadmin',NULL),('5269d98acc454c4','','5269ae8512ebfd3','Group','sre_group','l','',NULL,'sre_group',NULL,NULL,30,250,'2013-10-25 13:08:03','globeadmin','2013-10-25 13:08:03','globeadmin','2013-10-31 07:58:17','globeadmin',NULL),('5269ea1a1ca5a58','','521aa180c060e7e','Added','deb_added','l','6',NULL,'deb_added',NULL,NULL,10,100,'2013-10-25 14:18:42','globeadmin','2013-10-25 14:20:41','globeadmin','2014-01-10 13:05:23','globeadmin',NULL),('5269ea1a33db4c6','','521aa180c060e7e','Time','SUBSTR(deb_added,11,9)','l','',NULL,'SUBSTR(deb_added,11,9)',NULL,NULL,20,100,'2013-10-25 14:18:42','globeadmin','2013-10-25 14:20:41','globeadmin','2014-01-10 13:05:23','globeadmin',NULL);
/*!40000 ALTER TABLE `zzzsys_browse` ENABLE KEYS */;
UNLOCK TABLES;

--
-- Table structure for table `zzzsys_debug`
--

DROP TABLE IF EXISTS `zzzsys_debug`;
/*!40101 SET @saved_cs_client     = @@character_set_client */;
/*!40101 SET character_set_client = utf8 */;
CREATE TABLE `zzzsys_debug` (
  `zzzsys_debug_id` varchar(25) COLLATE utf8_unicode_ci NOT NULL,
  `zzzsys_debug_setup` varchar(1) COLLATE utf8_unicode_ci NOT NULL,
  `deb_message` longtext COLLATE utf8_unicode_ci,
  `deb_added` datetime NOT NULL,
  PRIMARY KEY (`zzzsys_debug_id`),
  KEY `deb_added` (`deb_added`)
) ENGINE=InnoDB DEFAULT CHARSET=utf8 COLLATE=utf8_unicode_ci;
/*!40101 SET character_set_client = @saved_cs_client */;

--
-- Dumping data for table `zzzsys_debug`
--

LOCK TABLES `zzzsys_debug` WRITE;
/*!40000 ALTER TABLE `zzzsys_debug` DISABLE KEYS */;
/*!40000 ALTER TABLE `zzzsys_debug` ENABLE KEYS */;
UNLOCK TABLES;

--
-- Table structure for table `zzzsys_event`
--

DROP TABLE IF EXISTS `zzzsys_event`;
/*!40101 SET @saved_cs_client     = @@character_set_client */;
/*!40101 SET character_set_client = utf8 */;
CREATE TABLE `zzzsys_event` (
  `zzzsys_event_id` varchar(25) NOT NULL,
  `zzzsys_event_setup` varchar(1) NOT NULL,
  `sev_zzzsys_object_id` varchar(25) NOT NULL,
  `sev_name` varchar(50) NOT NULL,
  `sev_javascript` varchar(3000) NOT NULL,
  `zzzsys_event_log_added_at` datetime NOT NULL,
  `zzzsys_event_log_added_by` varchar(25) NOT NULL,
  `zzzsys_event_log_changed_at` datetime NOT NULL,
  `zzzsys_event_log_changed_by` varchar(25) NOT NULL,
  `zzzsys_event_log_viewed_at` datetime NOT NULL,
  `zzzsys_event_log_viewed_by` varchar(25) NOT NULL,
  `zzzsys_event_nu_setup` varchar(1) DEFAULT NULL,
  PRIMARY KEY (`zzzsys_event_id`),
  KEY `sev_zzzsys_objecct_id` (`sev_zzzsys_object_id`)
) ENGINE=InnoDB DEFAULT CHARSET=utf8;
/*!40101 SET character_set_client = @saved_cs_client */;

--
-- Dumping data for table `zzzsys_event`
--

LOCK TABLES `zzzsys_event` WRITE;
/*!40000 ALTER TABLE `zzzsys_event` DISABLE KEYS */;
INSERT INTO `zzzsys_event` VALUES ('5163823883bc56a','','516382387e5048d','onclick','nuRunPHP(\'BLDTBL2\');','0000-00-00 00:00:00','','0000-00-00 00:00:00','','2013-09-19 13:26:53','globeadmin','1'),('51649719ce809b0','','51649719abe923a','onclick','nuRunPHP(\'BLDTBL1\');','0000-00-00 00:00:00','','0000-00-00 00:00:00','','2013-09-19 13:25:33','globeadmin','1'),('5164d542dc3c65a','','1455245046c006','onblur','nuPopulateSort(this);','0000-00-00 00:00:00','','0000-00-00 00:00:00','','0000-00-00 00:00:00','','1'),('51ad723caea1dbe','','145d3d46168a33','onblur','if(Number(this.value) < 1){alert(\'Must be Over 1 Minute\');this.focus();}','0000-00-00 00:00:00','','0000-00-00 00:00:00','','2013-11-12 13:03:13','globeadmin','1'),('51c3cb0b084a86b','','51678f239d70019','onclick','window.open(\'nureportbuilder.php\');','0000-00-00 00:00:00','','0000-00-00 00:00:00','','0000-00-00 00:00:00','','1'),('520427b0487ce90','','520421ea5f5cfc9','onClick','captureImageClip();','0000-00-00 00:00:00','','0000-00-00 00:00:00','','2013-12-30 13:24:08','globeadmin',NULL),('522025e89afabb3','','522025e88174a00','onclick','nuOpenFormInFrame(\'5164af4c18a8db5\',$(\'#sre_zzzsys_php_id\').val(), \'PHP Code\')','0000-00-00 00:00:00','','0000-00-00 00:00:00','','0000-00-00 00:00:00','',NULL),('526d9c4829d58cf','','1455245046ba36','onchange','this.style.backgroundColor = nuObjectColors(this.value)','2013-10-28 09:35:44','globeadmin','2013-10-28 09:35:44','globeadmin','2013-12-09 14:25:06','globeadmin',NULL),('52818c8420c2c7d','','52818c84074eb82','onblur','if(Number(this.value) < 1){alert(\'Must be Over 1 Minute\');this.focus();}','2013-11-12 13:03:48','globeadmin','2013-11-12 13:03:48','globeadmin','2013-11-12 14:44:48','globeadmin',NULL);
/*!40000 ALTER TABLE `zzzsys_event` ENABLE KEYS */;
UNLOCK TABLES;

--
-- Table structure for table `zzzsys_file`
--

DROP TABLE IF EXISTS `zzzsys_file`;
/*!40101 SET @saved_cs_client     = @@character_set_client */;
/*!40101 SET character_set_client = utf8 */;
CREATE TABLE `zzzsys_file` (
  `zzzsys_file_id` varchar(25) NOT NULL DEFAULT '',
  `zzzsys_file_setup` varchar(1) NOT NULL,
  `sfi_filepicker` varchar(2000) NOT NULL,
  `sfi_code` varchar(10) DEFAULT NULL,
  `sfi_description` text,
  `sfi_type` varchar(50) NOT NULL,
  `sfi_size` varchar(10) NOT NULL,
  `sfi_name` varchar(255) NOT NULL,
  `sfi_group` varchar(200) DEFAULT NULL,
  `sfi_blob` longblob,
  `zzzsys_file_log_added_at` datetime NOT NULL,
  `zzzsys_file_log_added_by` varchar(25) NOT NULL,
  `zzzsys_file_log_changed_at` datetime NOT NULL,
  `zzzsys_file_log_changed_by` varchar(25) NOT NULL,
  `zzzsys_file_log_viewed_at` datetime NOT NULL,
  `zzzsys_file_log_viewed_by` varchar(25) NOT NULL,
  PRIMARY KEY (`zzzsys_file_id`),
  KEY `sfi_code` (`sfi_code`)
) ENGINE=InnoDB DEFAULT CHARSET=utf8;
/*!40101 SET character_set_client = @saved_cs_client */;

--
-- Dumping data for table `zzzsys_file`
--

LOCK TABLES `zzzsys_file` WRITE;
/*!40000 ALTER TABLE `zzzsys_file` DISABLE KEYS */;
/*!40000 ALTER TABLE `zzzsys_file` ENABLE KEYS */;
UNLOCK TABLES;

--
-- Table structure for table `zzzsys_form`
--

DROP TABLE IF EXISTS `zzzsys_form`;
/*!40101 SET @saved_cs_client     = @@character_set_client */;
/*!40101 SET character_set_client = utf8 */;
CREATE TABLE `zzzsys_form` (
  `zzzsys_form_id` varchar(25) NOT NULL DEFAULT '',
  `zzzsys_form_setup` varchar(1) NOT NULL,
  `sfo_name` varchar(50) DEFAULT NULL,
  `sfo_title` varchar(50) DEFAULT NULL,
  `sfo_sql` mediumtext,
  `sfo_table` varchar(100) DEFAULT NULL,
  `sfo_primary_key` varchar(100) DEFAULT NULL,
  `sfo_width` int(11) NOT NULL,
  `sfo_height` int(11) NOT NULL,
  `sfo_breadcrumb` varchar(1000) NOT NULL,
  `sfo_add_button` char(1) DEFAULT NULL,
  `sfo_save_button` char(1) DEFAULT NULL,
  `sfo_delete_button` char(1) DEFAULT NULL,
  `sfo_clone_button` char(1) DEFAULT NULL,
  `sfo_new_button` char(1) DEFAULT NULL,
  `sfo_print_button` char(1) DEFAULT NULL,
  `sfo_add_title` varchar(50) DEFAULT NULL,
  `sfo_save_title` varchar(50) DEFAULT NULL,
  `sfo_delete_title` varchar(50) DEFAULT NULL,
  `sfo_clone_title` varchar(50) DEFAULT NULL,
  `sfo_new_title` varchar(50) DEFAULT NULL,
  `sfo_print_title` varchar(50) DEFAULT NULL,
  `sfo_add_button_display_condition` varchar(255) DEFAULT NULL,
  `sfo_save_button_display_condition` varchar(255) DEFAULT NULL,
  `sfo_delete_button_display_condition` varchar(255) DEFAULT NULL,
  `sfo_clone_button_display_condition` varchar(255) DEFAULT NULL,
  `sfo_new_button_display_condition` varchar(255) DEFAULT NULL,
  `sfo_print_button_display_condition` varchar(255) DEFAULT NULL,
  `sfo_custom_code_run_before_save` mediumtext,
  `sfo_custom_code_run_before_browse` mediumtext,
  `sfo_custom_code_run_before_open` mediumtext,
  `sfo_custom_code_run_after_browse` mediumtext NOT NULL,
  `sfo_custom_code_run_after_save` mediumtext,
  `sfo_custom_code_run_after_delete` mediumtext,
  `sfo_custom_code_run_javascript` mediumtext,
  `sfo_redirect_form_id` varchar(25) DEFAULT NULL,
  `sfo_row_height` int(11) NOT NULL,
  `sfo_rows` int(11) NOT NULL,
  `zzzsys_form_log_added_at` datetime NOT NULL,
  `zzzsys_form_log_added_by` varchar(25) NOT NULL,
  `zzzsys_form_log_changed_at` datetime NOT NULL,
  `zzzsys_form_log_changed_by` varchar(25) NOT NULL,
  `zzzsys_form_log_viewed_at` datetime NOT NULL,
  `zzzsys_form_log_viewed_by` varchar(25) NOT NULL,
  `zzzsys_form_nu_setup` varchar(1) DEFAULT NULL,
  PRIMARY KEY (`zzzsys_form_id`),
  KEY `sfo_name` (`sfo_name`),
  KEY `sfo_title` (`sfo_title`)
) ENGINE=InnoDB DEFAULT CHARSET=utf8;
/*!40101 SET character_set_client = @saved_cs_client */;

--
-- Dumping data for table `zzzsys_form`
--

LOCK TABLES `zzzsys_form` WRITE;
/*!40000 ALTER TABLE `zzzsys_form` DISABLE KEYS */;
INSERT INTO `zzzsys_form` VALUES ('14592006d24488','','acc','Access Level','SELECT * FROM zzzsys_access_level','zzzsys_access_level','zzzsys_access_level_id',1000,0,'SELECT \'#sal_code#\'','1','1','1','1','',NULL,'','','','','',NULL,'','','','','',NULL,NULL,NULL,'\n','','','','',NULL,0,0,'0000-00-00 00:00:00','','2013-10-22 15:01:53','globeadmin','2014-01-10 09:34:20','globeadmin','1'),('145934bea27db3','','ugr','User Groups','SELECT * FROM zzzsys_user_group \nLEFT JOIN  zzzsys_access_level ON sug_zzzsys_access_level_id = zzzsys_access_level_id','zzzsys_user_group','zzzsys_user_group_id',900,0,'SELECT \'#sug_code#\'','1','1','1','1','',NULL,'','','','','',NULL,'','SELECT 1','','','',NULL,NULL,NULL,NULL,'',NULL,NULL,'',NULL,0,0,'0000-00-00 00:00:00','','2013-10-22 14:59:12','globeadmin','2013-10-22 14:59:12','globeadmin','1'),('1459354088b09d','','use','Users','SELECT * FROM zzzsys_user \nLEFT JOIN zzzsys_user_group ON  sus_zzzsys_user_group_id =  zzzsys_user_group_id \nLEFT JOIN  zzzsys_access_level ON sug_zzzsys_access_level_id = zzzsys_access_level_id \n','zzzsys_user','zzzsys_user_id',900,0,'SELECT \'#sus_name#\'','1','1','1','1','','','','','','','','','','','','','','','','','','','function nuGetPost($Field_Name) {\n    $form_post = $_POST[\'nuWindow\'][\'form_data\'][\'data\'][0][\'records\'][0][\'fields\'];\n    for ($x = 0; $x < count($form_post); $x++) {\n       if ( $form_post[$x][\'field\'] == $Field_Name ) {\n           return $form_post[$x][\'value\'];\n       }\n    }\n    return null;\n}\n\n$user = nuGetPost(\'sus_login_name\');\n$pass = nuGetPost(\'nupassword\');\nif($pass != \'\') {\n	$sql = \"UPDATE zzzsys_user SET sus_login_password = md5(CONCAT(\'$user\', \'$pass\')) WHERE zzzsys_user_id = \'#RECORD_ID#\'\";\n	nuRunQuery($sql);\n}','','function nuOnSave() {\n	//checkPasswords\n	if(document.getElementById(\'nuretyped\').value != document.getElementById(\'nupassword\').value) {\n		alert(\"\'New Password\' and \'Retype New Password\' do not match..\");\n		return false;\n	} else if(document.getElementById(\'sus_login_password\').value == \'\' && document.getElementById(\'nuretyped\').value == \'\') {\n		alert(\"\'New Password\' and \'Retype New Password\' do not match..\");\n		return false;\n	}\n	return true;\n}','',0,0,'0000-00-00 00:00:00','','0000-00-00 00:00:00','','0000-00-00 00:00:00','','1'),('1472e8ca60dec1','','ima','Images','SELECT * FROM zzzsys_file ORDER BY sfi_group, sfi_code','zzzsys_file','zzzsys_file_id',900,0,'SELECT \'#sfi_code#\'','1','1','1','','','','Add Image','','','','','','','','','','','','','','','','$J           = json_decode(\'#FILES#\');\n\nif($J[0]->name == \'\'){return;}\n\n$dt          = new DateTime();\n$date        = $dt->format(\'Y-m-d H:i:s\');\n\n$name        = $J[0]->name;\n$type        = $J[0]->type;\n$size        = $J[0]->size;\n\n$contents    = file_get_contents(\'tmp/\' . $J[0]->name);\n$contents    = addslashes($contents);\n\n$s           = \"\nUPDATE zzzsys_file \nSET \nsfi_blob                   = \'$contents\',  \nsfi_name                   = \'$name\',  \nsfi_type                   = \'$type\',  \nsfi_size                   = \'$size\', \nzzzsys_file_log_changed_at = \'$date\'\n\nWHERE zzzsys_file_id       = \'#RECORD_ID#\'\n\";\n\nnuRunQuery($s);\n\nunlink(\'tmp/\' . $J[0]->name);\n','','function captureImageClip() {\n    var htmlContent = document.getElementById(\'display_image_clip_textarea\').value;\n    window.prompt (\"Copy to clipboard: Ctrl+C, Enter\", htmlContent);\n}\n\nfunction nuLoadEdit() {\n    nuFORM.FILES = null;\n}\n','',0,0,'0000-00-00 00:00:00','','2014-01-17 13:36:17','globeadmin','2014-01-17 13:36:17','globeadmin','1'),('15023030aec83b','','tra','Translation','SELECT * FROM zzzsys_translate \r\nORDER BY trl_language, trl_english','zzzsys_translate','zzzsys_translate_id',900,0,'','1','1','1','1','0','1','','','','','','','','','','','','','','','','','','','','',0,0,'0000-00-00 00:00:00','','0000-00-00 00:00:00','','0000-00-00 00:00:00','','1'),('5164af4c18a8db5','','aph','PHP Code','SELECT * FROM  zzzsys_php ORDER BY slp_code','zzzsys_php','zzzsys_php_id',1000,0,'','1','1','1','1','','','','','','','','','','','','','','','','','','','','','   \n    $(document).ready(function() {\n\n        $(\"#slp_php\").css(\'background-color\', \'#FFE8CA\');\n        $(\"#slp_php\").css(\'font-family\', \'Courier New\');\n        $(\"#slp_php\").css(\'font-size\', \'14px\');\n        $(\"#slp_php\").attr( \'wrap\', \'off\');\n\n    });\n\n','',0,0,'0000-00-00 00:00:00','','2013-10-16 15:15:33','globeadmin','2013-11-08 11:19:17','globeadmin','1'),('5164b84609c9fa8','','are','Add Reports','SELECT * FROM zzzsys_report\nINNER JOIN zzzsys_php ON sre_zzzsys_php_id = zzzsys_php_id\n','zzzsys_report','zzzsys_report_id',900,0,'','1','1','1','1','','','','','','','','','','','','','','','','','','','','','','',0,0,'0000-00-00 00:00:00','','2013-09-19 12:16:43','globeadmin','2014-01-10 14:06:32','globeadmin','1'),('51661887c32f9ec','','fsf','Forms And Subforms','SELECT * FROM #TABLE_ID#\nORDER BY thecode','#TABLE_ID#','theid',900,0,'','0','0','0','0','0','0','','','','','','','','','','','','','','$s = \"\nCREATE TABLE #TABLE_ID# \nSELECT \nzzzsys_form_id AS theid, \nsfo_name      AS thecode, \nsfo_title     AS thedesc \nFROM zzzsys_form \n\";\n\nnuRunQuery($s);\n\n\n$s = \"\nINSERT INTO #TABLE_ID#  \nSELECT \nzzzsys_object_id                    AS theid, \nsob_all_name                       AS thecode,\nCONCAT(\'Subform of : \', sfo_title) AS thedesc\nFROM zzzsys_object\nINNER JOIN zzzsys_form ON sob_zzzsys_form_id = zzzsys_form_id\nWHERE sob_all_type = \'subform\'\n\";\n\nnuRunQuery($s);\n\n','','','','','','',0,0,'0000-00-00 00:00:00','','2013-10-10 14:10:11','globeadmin','2013-10-10 14:10:11','globeadmin','1'),('521aa180c060e7e','','bug','Debug','SELECT * FROM zzzsys_debug \nORDER BY deb_added DESC\n','zzzsys_debug','zzzsys_debug_id',0,0,'','0','1','0','0','0',NULL,NULL,'Delete Chosen Period',NULL,NULL,NULL,NULL,NULL,NULL,NULL,NULL,NULL,NULL,'',NULL,NULL,'','$seconds = 0#deb_delete#;\n\nnuDebug($seconds);',NULL,NULL,NULL,0,0,'0000-00-00 00:00:00','','2014-01-10 13:05:22','globeadmin','2014-01-10 13:05:23','globeadmin',NULL),('5269ae8512ebfd3','','allrep','All Reports','SELECT * FROM zzzsys_report','zzzsys_report','zzzsys_report_id',900,0,'','1','1','1','1','','','','','','','','','','','','','','','','','','','','','','',0,0,'2013-10-25 10:04:29','globeadmin','2013-10-25 10:04:29','globeadmin','2013-10-31 07:58:16','globeadmin',NULL),('nuform','','for','nuBuilder Form','SELECT * FROM zzzsys_form\nORDER BY sfo_name','zzzsys_form','zzzsys_form_id',1000,0,'','1','1','1','1','','','','','','','','','','SELECT 1','','','','','','','','','','','   \n    $(document).ready(function() {\n    \n    if(nuFORM.tip == \'Edit\'){\n\n        $(\"[id^=\'nuCode_\']\").css(\'border-style\',     \'solid\');\n        $(\"[id^=\'nuCode_\']\").css(\'border-width\',     \'1px\');\n\n        $(\"textarea[id*=\'display_condition\']\").css(\'background-color\', \'#D2F4D5\');\n        $(\"textarea[id*=\'display_condition\']\").css(\'font-family\', \'Courier New\');\n        $(\"textarea[id*=\'display_condition\']\").css(\'font-size\', \'14px\');\n        $(\"textarea[id*=\'display_condition\']\").attr( \'wrap\', \'off\');\n\n        $(\"#sfo_breadcrumb\").css(\'background-color\', \'#D2F4D5\');\n        $(\"#sfo_breadcrumb\").css(\'font-family\', \'Courier New\');\n        $(\"#sfo_breadcrumb\").css(\'font-size\', \'14px\');\n        $(\"#sfo_breadcrumb\").attr( \'wrap\', \'off\');\n\n        $(\"textarea[id*=\'sql\']\").css(\'background-color\', \'#D2F4D5\');\n        $(\"textarea[id*=\'sql\']\").css(\'font-family\', \'Courier New\');\n        $(\"textarea[id*=\'sql\']\").css(\'font-size\', \'14px\');\n        $(\"textarea[id*=\'sql\']\").attr( \'wrap\', \'off\');\n\n        $(\"textarea[id*=\'sfo_custom_code_run\']\").css(\'background-color\', \'#FFE8CA\');\n        $(\"textarea[id*=\'sfo_custom_code_run\']\").css(\'font-family\', \'Courier New\');\n        $(\"textarea[id*=\'sfo_custom_code_run\']\").css(\'font-size\', \'14px\');\n        $(\"textarea[id*=\'sfo_custom_code_run\']\").attr( \'wrap\', \'off\');\n\n        $(\"textarea[id*=\'javascript\']\").css(\'background-color\', \'#CAE1FF\');\n        $(\"textarea[id*=\'javascript\']\").css(\'font-family\', \'Courier New\');\n        $(\"textarea[id*=\'javascript\']\").css(\'font-size\', \'14px\');\n        $(\"textarea[id*=\'javascript\']\").attr( \'wrap\', \'off\');\n\n        $(\"textarea[id*=\'sob_html_code\']\").css(\'background-color\', \'#EEE4EC\');\n        $(\"textarea[id*=\'sob_html_code\']\").css(\'font-family\', \'Courier New\');\n        $(\"textarea[id*=\'sob_html_code\']\").css(\'font-size\', \'14px\');\n        $(\"textarea[id*=\'sob_html_code\']\").attr( \'wrap\', \'off\');\n        $(\"[id^=\'nu_holder_sfo_custom_code_run_\']\").css(\'visibility\', \'hidden\');\n    }\n\n    });\n\n    function nuShowCode(pThis){\n\n        $(\"[id^=\'sfo_custom_code_run_\']\").css(\'width\',      \'0px\');\n        $(\"[id^=\'sfo_custom_code_run_\']\").css(\'height\',     \'0px\');\n        $(\"[id^=\'sfo_custom_code_run_\']\").css(\'visibility\', \'hidden\');\n        $(\"[id^=\'sfo_custom_code_run_\']\").css(\'visibility\', \'hidden\');\n        $(\"[id^=\'nu_holder_sfo_custom_code_run_\']\").css(\'visibility\', \'hidden\');\n        $(\"[id^=\'nuCode_\']\").addClass(\'nuGradient\');\n        $(\"[id^=\'nuCode_\']\").removeClass(\'nuGradientLight\');\n\n        $(\"#sfo_custom_code_run_\"+pThis.id.substr(7)).css(\'width\',      \'900px\');\n        $(\"#sfo_custom_code_run_\"+pThis.id.substr(7)).css(\'height\',     \'400px\');\n        $(\"#sfo_custom_code_run_\"+pThis.id.substr(7)).css(\'visibility\', \'visible\');\n        $(\"#nu_holder_sfo_custom_code_run_\"+pThis.id.substr(7)).css(\'visibility\', \'visible\');\n        $(\"#\"+pThis.id).removeClass(\'nuGradient\');\n        $(\"#\"+pThis.id).addClass(\'nuGradientLight\');\n    }   \n\n    function nuPopulateSort(t){\n\n        var p = \'#\' + $(\'#\'+t.id).attr(\'data-prefix\') + \'sbr_sort\';\n        if($(p).val() == \'\'){\n        $(p).val(t.value)\n        \n    }\n\n    }','',0,0,'0000-00-00 00:00:00','','2013-10-31 07:45:37','globeadmin','2014-01-09 17:09:29','globeadmin','1'),('nuindex','','ind','Index','SELECT * FROM zzzsys_form','zzzsys_form','zzzsys_form_id',900,0,'','0','0','0','0','','','','','','','','','','','','','','','','','','','','','','',0,0,'0000-00-00 00:00:00','','0000-00-00 00:00:00','','0000-00-00 00:00:00','','1'),('nuobject','','obj','nuBuilder Objects','SELECT form_name, zzzsys_object.* \nFROM zzzsys_object\nINNER JOIN #TABLE_ID# ON zzzsys_object.sob_zzzsys_form_id = #TABLE_ID#.form_id \nORDER BY form_name, sob_all_tab_number, sob_all_column_number, sob_all_order_number \n','zzzsys_object','zzzsys_object_id',1000,0,'','1','1','1','1','','1','','','','','','','','','','','','','\n$f = \'#sob_zzzsys_form_id#\';\n$n = \'#sob_all_name#\';\n$s = \"SELECT zzzsys_object_id, sob_all_type, sob_all_name FROM zzzsys_object WHERE sob_zzzsys_form_id = ? AND sob_all_name = ? \";\n$t = nuRunQuery($s, array($f, $n));\n$r = db_fetch_object($t);\n\nif($r->zzzsys_object_id != \'\'){\n\n        $MESS = \"There is already an Object of type \'$r->sob_all_type\' on this Form with the Field Name $r->sob_all_name\"; \n//        nuDisplayError($MESS);\n        \n}\n\nif(\'#sob_all_type#\' == \'iframe\'){\n\n    if(\'#sob_iframe_zzzsys_php_id#\' == \'\' and \'#sob_iframe_zzzsys_report_id#\' == \'\'){\n\n        $MESS = \"Both PHP to Run and Report to Run cannot be left blank..  (TAB : iFrame)\"; \n        nuDisplayError($MESS);\n\n    }\n\n}\n\nif(\'#sob_all_type#\' == \'browse\'){\n    if(\'#sob_browse_zzzsys_form_id#\' == \'\'){\n\n        $MESS = \"Browse cannot be left blank..  (TAB : Browse)\"; \n        nuDisplayError($MESS);\n\n    }\n\n    if(\'#sob_all_width#\' == \'\' or \'#sob_all_width#\' == \'0\'){\n\n        $MESS = \"Width must be over zero..  (TAB : All)\"; \n        nuDisplayError($MESS);\n\n    }\n    \n}\n\n\nif(\'#sob_all_type#\' == \'button\'){\n\n    if(\'#sob_all_width#\' == \'\' or \'#sob_all_width#\' == \'0\'){\n\n        $MESS = \"Width must be over zero..  (TAB : All)\"; \n        nuDisplayError($MESS);\n\n    }\n\n}\n\nif(\'#sob_all_type#\' == \'display\'){\n\n    if(\'#sob_all_width#\' == \'\' or \'#sob_all_width#\' == \'0\'){\n\n        $MESS = \"Width must be over zero..  (TAB : All)\"; \n        nuDisplayError($MESS);\n\n    }\n\n    if(\'#sob_display_sql#\' == \'\'){\n\n        $MESS = \"SQL cannot be left blank..  (TAB : Display)\"; \n        nuDisplayError($MESS);\n\n    }\n\n}\n\nif(\'#sob_all_type#\' == \'dropdown\'){\n\n    if(\'#sob_all_width#\' == \'\' or \'#sob_all_width#\' == \'0\'){\n\n        $MESS = \"Width must be over zero..  (TAB : All)\"; \n        nuDisplayError($MESS);\n\n    }\n    if(\'#sob_dropdown_sql#\' == \'\'){\n\n        $MESS = \"SQL cannot be left blank..  (TAB : Dropdown)\"; \n        nuDisplayError($MESS);\n\n    }\n}\n\nif(\'#sob_all_type#\' == \'html\'){\n\n    if(\'#sob_all_width#\' == \'\' or \'#sob_all_width#\' == \'0\'){\n\n        $MESS = \"Width must be over zero..  (TAB : All)\"; \n        nuDisplayError($MESS);\n\n    }\n\n\n    if(\'#sob_html_code#\' == \'\'){\n\n        $MESS = \"SQL cannot be left blank..  (TAB : HTML)\"; \n        nuDisplayError($MESS);\n\n    }\n\n}\n\n\nif(\'#sob_all_type#\' == \'listbox\'){\n\n    if(\'#sob_all_width#\' == \'\' or \'#sob_all_width#\' == \'0\'){\n\n        $MESS = \"Width must be over zero..  (TAB : All)\"; \n        nuDisplayError($MESS);\n\n    }\n\n    if(\'#sob_listbox_sql#\' == \'\'){\n\n        $MESS = \"SQL cannot be left blank..  (TAB : Listbox)\"; \n        nuDisplayError($MESS);\n\n    }\n\n}\nif(\'#sob_all_type#\' == \'lookup\'){\n\n    if(\'#sob_lookup_id_field#\' == \'\'){\n\n        $MESS = \"ID Field cannot be left blank..  (TAB : Lookup)\"; \n        nuDisplayError($MESS);\n\n    }\n\n    if(\'#sob_lookup_code_field#\' == \'\'){\n\n        $MESS = \"Code Field cannot be left blank..  (TAB : Lookup)\"; \n        nuDisplayError($MESS);\n\n    }\n\n    if(\'#sob_lookup_description_field#\' == \'\'){\n\n        $MESS = \"Description Field cannot be left blank..  (TAB : Lookup)\"; \n        nuDisplayError($MESS);\n\n    }\n\n    if(\'#codesob_lookup_zzzsys_form_id#\' == \'\'){\n\n        $MESS = \"Form to Lookup cannot be left blank..  (TAB : Lookup)\"; \n        nuDisplayError($MESS);\n\n    }\n\n    if(\'#sob_lookup_code_width#\' == \'\' or \'#sob_lookup_code_width#\' == \'0\'){\n\n        $MESS = \"Code Width must be over zero..  (TAB : Lookup)\"; \n        nuDisplayError($MESS);\n\n    }\n\n}\nif(\'#sob_all_type#\' == \'subform\'){\n\n    if(\'#sob_all_width#\' == \'\' or \'#sob_all_width#\' == \'0\'){\n\n        $MESS = \"Width must be over zero..  (TAB : All)\"; \n        nuDisplayError($MESS);\n\n    }\n\n\n}\nif(\'#sob_all_type#\' == \'text\'){\n\n    if(\'#sob_all_width#\' == \'\' or \'#sob_all_width#\' == \'0\'){\n\n        $MESS = \"Width must be over zero..  (TAB : All)\"; \n        //nuDisplayError($MESS);\n\n    }\n\n}\nif(\'#sob_all_type#\' == \'textarea\'){\n\n    if(\'#sob_all_width#\' == \'\' or \'#sob_all_width#\' == \'0\'){\n\n        $MESS = \"Width must be over zero..  (TAB : All)\"; \n        nuDisplayError($MESS);\n\n    }\n\n}\nif(\'#sob_all_type#\' == \'words\'){\n\n    if(\'#sob_all_width#\' == \'\' or \'#sob_all_width#\' == \'0\'){\n\n        $MESS = \"Width must be over zero..  (TAB : All)\"; \n        nuDisplayError($MESS);\n\n    }\n\n}\n','$sql  = \"\n\nCREATE TABLE #TABLE_ID# \nSELECT zzzsys_form_id AS form_id, \nCONCAT(sfo_name, \' (form)\') AS form_name \nFROM zzzsys_form \n\n\";\n\nnuRunQuery($sql);\n\n$sql  = \"\n\nINSERT INTO #TABLE_ID# \nSELECT zzzsys_object_id AS form_id,\nCONCAT(sob_all_name,\' (subform)\') AS form_name \nFROM zzzsys_object \nWHERE sob_all_type = \'subform\'\n\n\";\n\nnuRunQuery($sql);\n','','','','','   \nfunction nuLoadBrowse(){\n\n    for(var RW = 0 ; RW < nuBrowseRows() ; RW ++){\n\n        var B = nuGridValue(RW, 3);\n\n        if(B != \'\'){\n            nuGridClass(RW, 3, \'nu_\'+B, false);\n            nuGridClass(RW, 3, \'nuBrowseCell\', true);\n            nuGridClass(RW, 3, \'nuSelectedTab\', true);\n        }\n\n    }\n    \n}\n\nfunction nuLoadEdit(){\n\n    $(\'#sob_all_type\').addClass(\'nu_\'+$(\'#sob_all_type\').val());\n    \n    $(\"#sob_all_type > option\").each(function() {\n        $(this).addClass(\'nu_\'+this.value);\n    });\n\n\n    $(\"textarea[id*=\'sql\']\").css(\'background-color\', \'#D2F4D5\');\n    $(\"textarea[id*=\'sql\']\").css(\'font-family\', \'Courier New\');\n    $(\"textarea[id*=\'sql\']\").css(\'font-size\', \'14px\');\n    $(\"textarea[id*=\'sql\']\").attr( \'wrap\', \'off\');\n\n    $(\"#sob_lookup_php\").css(\'background-color\', \'#FFE8CA\');\n    $(\"#sob_lookup_php\").css(\'font-family\', \'Courier New\');\n    $(\"#sob_lookup_php\").css(\'font-size\', \'14px\');\n    $(\"#sob_lookup_php\").attr( \'wrap\', \'off\');\n\n    $(\"#sob_all_display_condition\").css(\'background-color\', \'#D2F4D5\');\n    $(\"#sob_all_display_condition\").css(\'font-family\', \'Courier New\');\n    $(\"#sob_all_display_condition\").css(\'font-size\', \'14px\');\n    $(\"#sob_all_display_condition\").attr( \'wrap\', \'off\');\n\n    $(\"textarea[id*=\'javascript\']\").css(\'background-color\', \'#CAE1FF\');\n    $(\"textarea[id*=\'javascript\']\").css(\'font-family\', \'Courier New\');\n    $(\"textarea[id*=\'javascript\']\").css(\'font-size\', \'14px\');\n    $(\"textarea[id*=\'javascript\']\").attr( \'wrap\', \'off\');\n\n    $(\"#sob_html_code\").css(\'background-color\', \'#FDD0DF\');\n    $(\"#sob_html_code\").css(\'font-family\', \'Courier New\');\n    $(\"#sob_html_code\").css(\'font-size\', \'14px\');\n    $(\"#sob_html_code\").attr( \'wrap\', \'off\');\n\n}\n\n    ','',0,0,'0000-00-00 00:00:00','','2013-12-18 12:04:53','globeadmin','2013-12-18 12:04:54','globeadmin','1'),('nurunphp','','rph','Run PHP','SELECT * FROM zzzsys_php','zzzsys_php','zzzsys_php_id',900,0,'','0','0','1','1','','','','','','','','','','','','','','','','','','','','','','',0,0,'0000-00-00 00:00:00','','0000-00-00 00:00:00','','0000-00-00 00:00:00','','1'),('nurunreport','','rre','Run Report','SELECT * FROM zzzsys_report\nINNER JOIN zzzsys_form ON sre_zzzsys_form_id = zzzsys_form_id\nLEFT JOIN zzzsys_access_level_report ON slr_zzzsys_report_id = zzzsys_report_id\nLEFT JOIN zzzsys_access_level ON slr_zzzsys_access_level_id = zzzsys_access_level_id\nWHERE sal_code = \'#nu_access_level#\' OR \'#nu_access_level#\' = \'globeadmin\'','zzzsys_report','zzzsys_report_id',900,0,'','0','0','1','1','','','','','','','','','','','','','','','','','','','','','','',0,0,'0000-00-00 00:00:00','','2013-11-01 13:23:48','globeadmin','2014-01-10 16:32:10','globeadmin','1'),('nusetup','','set','Setup','SELECT * FROM zzzsys_setup','zzzsys_setup','zzzsys_setup_id',1000,0,'','0','1','0','0','','','','','','','','','','','','','','','','','','','','','   \n    $(document).ready(function(){\n\n        $(\"#set_css\").css(\'background-color\', \'#EDD0FC\');\n        $(\"#set_css\").css(\'font-family\', \'Courier New\');\n        $(\"#set_css\").css(\'font-size\', \'14px\');\n        $(\"#set_css\").attr( \'wrap\', \'off\');\n\n    });\n\n','',0,0,'0000-00-00 00:00:00','','0000-00-00 00:00:00','','2013-11-18 16:30:46','globeadmin','1');
/*!40000 ALTER TABLE `zzzsys_form` ENABLE KEYS */;
UNLOCK TABLES;

--
-- Table structure for table `zzzsys_form_action`
--

DROP TABLE IF EXISTS `zzzsys_form_action`;
/*!40101 SET @saved_cs_client     = @@character_set_client */;
/*!40101 SET character_set_client = utf8 */;
CREATE TABLE `zzzsys_form_action` (
  `zzzsys_form_action_id` varchar(25) NOT NULL DEFAULT '',
  `zzzsys_form_action_setup` varchar(1) NOT NULL,
  `sfa_zzzsys_form_id` varchar(25) DEFAULT NULL,
  `sfa_button_title` varchar(50) DEFAULT NULL,
  `sfa_button_javascript` mediumtext,
  `sfa_button_display_condition` varchar(255) DEFAULT NULL,
  `zzzsys_form_action_log_added_at` datetime NOT NULL,
  `zzzsys_form_action_log_added_by` varchar(25) NOT NULL,
  `zzzsys_form_action_log_changed_at` datetime NOT NULL,
  `zzzsys_form_action_log_changed_by` varchar(25) NOT NULL,
  `zzzsys_form_action_log_viewed_at` datetime NOT NULL,
  `zzzsys_form_action_log_viewed_by` varchar(25) NOT NULL,
  `zzzsys_form_action_nu_setup` varchar(1) DEFAULT NULL,
  PRIMARY KEY (`zzzsys_form_action_id`),
  KEY `sfa_zzzsys_form_id` (`sfa_zzzsys_form_id`)
) ENGINE=InnoDB DEFAULT CHARSET=utf8;
/*!40101 SET character_set_client = @saved_cs_client */;

--
-- Dumping data for table `zzzsys_form_action`
--

LOCK TABLES `zzzsys_form_action` WRITE;
/*!40000 ALTER TABLE `zzzsys_form_action` DISABLE KEYS */;
/*!40000 ALTER TABLE `zzzsys_form_action` ENABLE KEYS */;
UNLOCK TABLES;

--
-- Table structure for table `zzzsys_lookup`
--

DROP TABLE IF EXISTS `zzzsys_lookup`;
/*!40101 SET @saved_cs_client     = @@character_set_client */;
/*!40101 SET character_set_client = utf8 */;
CREATE TABLE `zzzsys_lookup` (
  `zzzsys_lookup_id` varchar(25) NOT NULL DEFAULT '',
  `zzzsys_lookup_setup` varchar(1) NOT NULL,
  `slo_zzzsys_object_id` varchar(25) DEFAULT NULL,
  `zzzsys_slo_table_field_name` varchar(100) DEFAULT NULL,
  `zzzsys_slo_object_name` varchar(100) DEFAULT NULL,
  `zzzsys_slo_field_function_name` varchar(200) NOT NULL,
  `zzzsys_lookup_log_added_at` datetime NOT NULL,
  `zzzsys_lookup_log_added_by` varchar(25) NOT NULL,
  `zzzsys_lookup_log_changed_at` datetime NOT NULL,
  `zzzsys_lookup_log_changed_by` varchar(25) NOT NULL,
  `zzzsys_lookup_log_viewed_at` datetime NOT NULL,
  `zzzsys_lookup_log_viewed_by` varchar(25) NOT NULL,
  `zzzsys_lookup_nu_setup` varchar(1) DEFAULT NULL,
  PRIMARY KEY (`zzzsys_lookup_id`),
  KEY `slo_zzzsys_object_id` (`slo_zzzsys_object_id`)
) ENGINE=InnoDB DEFAULT CHARSET=utf8;
/*!40101 SET character_set_client = @saved_cs_client */;

--
-- Dumping data for table `zzzsys_lookup`
--

LOCK TABLES `zzzsys_lookup` WRITE;
/*!40000 ALTER TABLE `zzzsys_lookup` DISABLE KEYS */;
INSERT INTO `zzzsys_lookup` VALUES ('1457f6ce830fc5','','1457c6e9eb2c5b','12345','cusNotes','12345','0000-00-00 00:00:00','','0000-00-00 00:00:00','','2013-10-14 09:10:38','globeadmin',NULL);
/*!40000 ALTER TABLE `zzzsys_lookup` ENABLE KEYS */;
UNLOCK TABLES;

--
-- Table structure for table `zzzsys_object`
--

DROP TABLE IF EXISTS `zzzsys_object`;
/*!40101 SET @saved_cs_client     = @@character_set_client */;
/*!40101 SET character_set_client = utf8 */;
CREATE TABLE `zzzsys_object` (
  `zzzsys_object_id` varchar(25) NOT NULL DEFAULT '',
  `zzzsys_object_setup` varchar(1) NOT NULL,
  `sob_zzzsys_form_id` varchar(25) DEFAULT NULL,
  `sob_all_access_key` char(1) DEFAULT NULL,
  `sob_all_admin_only` char(1) DEFAULT NULL,
  `sob_all_clone` char(1) DEFAULT NULL,
  `sob_all_column_number` int(11) DEFAULT NULL,
  `sob_all_display_condition` text,
  `sob_all_name` varchar(200) DEFAULT NULL,
  `sob_all_order_number` int(11) DEFAULT NULL,
  `sob_all_tab_number` int(11) DEFAULT NULL,
  `sob_all_tab_title` varchar(200) DEFAULT NULL,
  `sob_all_title` varchar(200) DEFAULT NULL,
  `sob_all_type` varchar(200) DEFAULT NULL,
  `sob_all_top` varchar(11) DEFAULT NULL,
  `sob_all_left` varchar(11) DEFAULT NULL,
  `sob_all_width` int(11) NOT NULL,
  `sob_all_height` int(11) NOT NULL,
  `sob_all_align` varchar(1) NOT NULL,
  `sob_all_no_blanks` varchar(1) NOT NULL,
  `sob_all_read_only` varchar(1) NOT NULL,
  `sob_all_default_value_sql` mediumtext NOT NULL,
  `sob_all_no_duplicates` varchar(1) NOT NULL,
  `sob_button_admin_only` char(1) DEFAULT NULL,
  `sob_button_display_condition` mediumtext,
  `sob_button_left` int(11) DEFAULT NULL,
  `sob_button_skip_browse_record_id` varchar(200) DEFAULT NULL,
  `sob_button_zzzsys_form_id` varchar(25) DEFAULT NULL,
  `sob_button_image_on_mouse_up` varchar(255) DEFAULT NULL,
  `sob_button_image_on_mouse_down` varchar(255) DEFAULT NULL,
  `sob_button_browse_filter` varchar(255) DEFAULT NULL,
  `sob_browse_filter` varchar(500) NOT NULL,
  `sob_browse_zzzsys_form_id` varchar(25) NOT NULL,
  `sob_display_sql` mediumtext,
  `sob_dropdown_sql` mediumtext,
  `sob_html_code` longtext,
  `sob_iframe_zzzsys_php_id` varchar(25) NOT NULL,
  `sob_iframe_zzzsys_report_id` varchar(25) NOT NULL,
  `sob_listbox_sql` mediumtext,
  `sob_lookup_code_field` varchar(100) DEFAULT NULL,
  `sob_lookup_default_value_sql` mediumtext,
  `sob_lookup_description_field` varchar(255) DEFAULT NULL,
  `sob_lookup_sql` mediumtext,
  `sob_lookup_zzzsys_form_id` varchar(25) DEFAULT NULL,
  `sob_lookup_id_field` varchar(50) DEFAULT NULL,
  `sob_lookup_javascript` mediumtext,
  `sob_lookup_php` mediumtext NOT NULL,
  `sob_lookup_autocomplete` char(1) DEFAULT NULL,
  `sob_subform_row_height` int(11) DEFAULT NULL,
  `sob_subform_deletable` char(1) DEFAULT NULL,
  `sob_subform_addable` varchar(1) NOT NULL,
  `sob_subform_foreign_key` varchar(50) DEFAULT NULL,
  `sob_subform_primary_key` varchar(50) DEFAULT NULL,
  `sob_subform_sql` mediumtext,
  `sob_subform_table` varchar(100) DEFAULT NULL,
  `sob_text_format` varchar(50) DEFAULT NULL,
  `sob_text_type` varchar(50) NOT NULL,
  `sob_text_password` char(1) DEFAULT NULL,
  `sob_subform_type` varchar(1) NOT NULL,
  `sob_lookup_code_width` int(11) NOT NULL,
  `sob_lookup_description_width` int(11) NOT NULL,
  `zzzsys_object_log_added_at` datetime NOT NULL,
  `zzzsys_object_log_added_by` varchar(25) NOT NULL,
  `zzzsys_object_log_changed_at` datetime NOT NULL,
  `zzzsys_object_log_changed_by` varchar(25) NOT NULL,
  `zzzsys_object_log_viewed_at` datetime NOT NULL,
  `zzzsys_object_log_viewed_by` varchar(25) NOT NULL,
  `zzzsys_object_nu_setup` varchar(1) DEFAULT NULL,
  PRIMARY KEY (`zzzsys_object_id`),
  KEY `sob_all_order_number` (`sob_all_order_number`),
  KEY `sob_all_tab_number` (`sob_all_tab_number`),
  KEY `sob_all_tab_title` (`sob_all_tab_title`),
  KEY `sob_zzzsys_form_id` (`sob_zzzsys_form_id`),
  KEY `sob_all_column_number` (`sob_all_column_number`)
) ENGINE=InnoDB DEFAULT CHARSET=utf8;
/*!40101 SET character_set_client = @saved_cs_client */;

--
-- Dumping data for table `zzzsys_object`
--

LOCK TABLES `zzzsys_object` WRITE;
/*!40000 ALTER TABLE `zzzsys_object` DISABLE KEYS */;
INSERT INTO `zzzsys_object` VALUES ('1455245046ba0b','','nuobject','','0','1',10,'','sob_all_align',150,10,'All','Align','dropdown','0','0',70,100,'l','1','0','SELECT \'l\'','0',NULL,NULL,0,'','',NULL,NULL,'','','','','l|Left|r|Right|c|Center','','','','','','','',NULL,'','','','','',0,'1','1','','','','','','','','',0,0,'0000-00-00 00:00:00','','0000-00-00 00:00:00','','2013-12-18 12:04:57','globeadmin','1'),('1455245046ba0e','','nuobject','','0','1',10,'','sob_all_clone',130,10,'All','Allow Cloning','dropdown','0','0',70,100,'l','1','0','SELECT 1','0','',NULL,0,'','',NULL,NULL,'','','','','1|Yes|0|No','','','','','','','','','','','','','',0,'1','1','','','','','','',NULL,'',0,0,'0000-00-00 00:00:00','','0000-00-00 00:00:00','','2013-12-18 12:04:57','globeadmin','1'),('1455245046ba12','','nuobject','','0','1',10,'','sob_all_column_number',70,10,'All','Column Number','text','0','0',40,0,'r','1','0','','',NULL,NULL,NULL,'','','','','','','','','','','','','','','','',NULL,'','','','','',0,'1','1','','','','','','',NULL,'',0,0,'0000-00-00 00:00:00','','0000-00-00 00:00:00','','2013-12-18 12:04:56','globeadmin','1'),('1455245046ba15','','nuobject','','0','1',20,'','sob_all_display_condition',20,10,'All','Display Condition','textarea','0','0',300,100,'','','0','','','',NULL,0,'','',NULL,NULL,'','','','','','','','','','','','','','','','','','',0,'1','1','','','','','','','','',0,0,'0000-00-00 00:00:00','','0000-00-00 00:00:00','','2013-12-18 12:04:58','globeadmin','1'),('1455245046ba18','','nuobject','','0','1',10,'','sob_all_name',40,10,'All','Field Name','text','0','0',200,0,'','1','0','','',NULL,NULL,0,'','',NULL,NULL,'','','','','','','','','','','','','','','','','','',0,'1','1','','','','','','','','',0,0,'0000-00-00 00:00:00','','0000-00-00 00:00:00','','2013-12-18 12:04:56','globeadmin','1'),('1455245046ba29','','nuobject','','0','1',10,'','sob_all_order_number',80,10,'All','Order Number','text','0','0',40,0,'r','1','0','','',NULL,NULL,NULL,'','','','','','','','','','','','','','','','',NULL,'','','','','',0,'1','1','','','','','','','','',0,0,'0000-00-00 00:00:00','','0000-00-00 00:00:00','','2013-12-18 12:04:56','globeadmin','1'),('1455245046ba2c','','nuobject','','0','1',10,'','sob_all_tab_number',60,10,'All','Tab Number','text','0','0',40,0,'r','1','0','','',NULL,NULL,NULL,'','','','','','','','','','','','','','','','',NULL,'','','','','',0,'1','1','','','','','0','',NULL,'',0,0,'0000-00-00 00:00:00','','0000-00-00 00:00:00','','2013-12-18 12:04:56','globeadmin','1'),('1455245046ba2f','','nuobject','','0','1',10,'','sob_all_tab_title',50,10,'All','Tab Title','text','0','0',200,0,'','1','0','','',NULL,NULL,NULL,'','',NULL,NULL,'','','','','','','','','','','','',NULL,'','','','','',0,'1','1','','','','','','',NULL,'',0,0,'0000-00-00 00:00:00','','0000-00-00 00:00:00','','2013-12-18 12:04:56','globeadmin','1'),('1455245046ba33','','nuobject','','0','1',10,'','sob_all_title',30,10,'All','Title','text','0','0',200,0,'l','0','0','','0','',NULL,0,'','',NULL,NULL,'','','','','','','','','','','','','','','','','','',0,'1','1','','','','','','','','',0,0,'0000-00-00 00:00:00','','0000-00-00 00:00:00','','2013-12-18 12:04:56','globeadmin','1'),('1455245046ba36','','nuobject','','0','1',10,'','sob_all_type',20,10,'All','Type','dropdown','0','0',100,100,'l','1','0','','0','',NULL,0,'','',NULL,NULL,'','','','','browse|Browse|button|Button|display|Display|dropdown|Drop Down|html|HTML|iframe|iFrame|listbox|List Box|lookup|Lookup|subform|SubForm|text|Text|textarea|Textarea|words|Words','','','','','','','','','','','','','',0,'1','1','','','','','','',NULL,'',0,0,'0000-00-00 00:00:00','','2013-10-25 10:20:37','globeadmin','2013-12-18 12:04:56','globeadmin','1'),('1455245046ba39','','nuobject','','0','1',10,'','sob_all_left',100,10,'All','Left Pixels','text','0','0',60,0,'r','','0','','',NULL,NULL,NULL,'','',NULL,NULL,'','','','','',NULL,'','','','','','',NULL,'','','','','',NULL,'1','1',NULL,NULL,NULL,NULL,'0','',NULL,'b',0,0,'0000-00-00 00:00:00','','0000-00-00 00:00:00','','2013-12-18 12:04:57','globeadmin','1'),('1455245046ba3e','','nuobject','','0','1',10,'','sob_all_top',90,10,'All','Top Pixels','text','0','0',60,0,'r','','0','','',NULL,NULL,NULL,'','',NULL,NULL,'','','','','',NULL,'','','','','','',NULL,'','','','','',NULL,'1','1',NULL,NULL,NULL,NULL,'0','',NULL,'b',0,0,'0000-00-00 00:00:00','','0000-00-00 00:00:00','','2013-12-18 12:04:57','globeadmin','1'),('1455245046ba3h','','nuobject','','0','1',10,'','sob_button_zzzsys_form_id',80,20,'Button','Form To Launch via Browse','lookup','0','0',300,100,'','','0','','',NULL,NULL,0,'','',NULL,NULL,'','','','','SELECT zzzsys_form_id, sfo_name FROM zzzsys_form ORDER BY sfo_name','','','','','sfo_name','','sfo_title',NULL,'nuform','zzzsys_form_id','','','',0,'1','1','','','','','','','','',100,250,'0000-00-00 00:00:00','','0000-00-00 00:00:00','','2013-12-18 12:04:58','globeadmin','1'),('1455245046ba3y','','nuobject','','0','1',10,'','sob_all_height',120,10,'All','Height Pixels','text','0','0',60,0,'r','','0','','',NULL,NULL,NULL,'','',NULL,NULL,'','','','','',NULL,'','','','','','',NULL,'','','','','',NULL,'1','1',NULL,NULL,NULL,NULL,'0','',NULL,'b',0,0,'0000-00-00 00:00:00','','0000-00-00 00:00:00','','2013-12-18 12:04:57','globeadmin','1'),('1455245046ba3z','','nuobject','','0','1',10,'','sob_all_width',110,10,'All','Width Pixels','text','0','0',60,0,'r','1','0','','',NULL,NULL,NULL,'','',NULL,NULL,'','','','','','','','','','','','',NULL,'','','','','',0,'1','1','','','','','0','',NULL,'',0,0,'0000-00-00 00:00:00','','0000-00-00 00:00:00','','2013-12-18 12:04:57','globeadmin','1'),('1455245046ba4c','','nuobject','','0','1',10,'','sob_display_sql',250,30,'Display','SQL','textarea','0','0',900,300,'l','0','0','','0',NULL,NULL,0,'','',NULL,NULL,'','','','','','','','','','','','',NULL,'','','','','',0,'1','1','','','','','','','','',0,0,'0000-00-00 00:00:00','','0000-00-00 00:00:00','','2013-12-18 12:04:58','globeadmin','1'),('1455245046ba55','','nuobject','','0','1',10,'','sob_all_no_blanks',160,10,'All','Stop Blanks','dropdown','0','0',70,100,'l','1','0','SELECT 0','0','',NULL,0,'','',NULL,NULL,'','','','','1|Yes|0|No','','','','','','','','','','','','','',0,'1','1','','','','','','','','',0,0,'0000-00-00 00:00:00','','0000-00-00 00:00:00','','2013-12-18 12:04:57','globeadmin','1'),('1455245046ba58','','nuobject','','0','1',10,'','sob_all_no_duplicates',170,10,'All','Stop Duplicates','dropdown','0','0',70,100,'l','1','0','SELECT 0','0',NULL,NULL,NULL,'','',NULL,NULL,'','','','','1|Yes|0|No','','','','','','','',NULL,'','','','','',0,'1','1','','','','','','','','',0,0,'0000-00-00 00:00:00','','0000-00-00 00:00:00','','2013-12-18 12:04:57','globeadmin','1'),('1455245046ba5b','','nuobject','','0','1',10,'','sob_all_read_only',180,10,'All','Read Only','dropdown','0','0',70,100,'l','1','0','SELECT 0','0',NULL,NULL,NULL,'','',NULL,NULL,'','','','','1|Yes|0|No','','','','','','','',NULL,'','','','','',0,'1','1','','','','','','','','',0,0,'0000-00-00 00:00:00','','0000-00-00 00:00:00','','2013-12-18 12:04:58','globeadmin','1'),('1455245046ba5e','','nuobject','','0','1',10,'','sob_dropdown_sql',310,40,'Dropdown','SQL','textarea','0','0',900,300,'','','0','','',NULL,NULL,0,'','',NULL,NULL,'','','','','','','','','','','','',NULL,'','','','','',0,'1','1','','','','','','','','',0,0,'0000-00-00 00:00:00','','0000-00-00 00:00:00','','2013-12-18 12:04:58','globeadmin','1'),('1455245046ba67','','nuobject','','0','1',10,'','sob_html_code',10,160,'HTML','HTML','textarea','0','0',900,400,'l','0','0','','0',NULL,NULL,0,'','','','','','','','','','','','','','','','',NULL,'','','','','',0,'1','1','','','','','','','','',0,0,'0000-00-00 00:00:00','','0000-00-00 00:00:00','','2013-12-18 12:05:01','globeadmin','1'),('1455245046ba87','','nuobject','','0','1',10,'','sob_listbox_sql',440,90,'Listbox','SQL','textarea','0','0',900,300,'','','0','','',NULL,NULL,0,'','',NULL,NULL,'','','','','','','','','','','','',NULL,'','','','','',0,'1','1','','','','','','','','',0,0,'0000-00-00 00:00:00','','0000-00-00 00:00:00','','2013-12-18 12:04:59','globeadmin','1'),('1455245046ba92','','nuobject','','0','1',10,'','sob_lookup_code_field',20,100,'Lookup','Code Field','text','0','0',200,0,'','','0','','','',NULL,0,'','',NULL,NULL,'','','','','','','','','','','','','','','','','','',0,'1','1','','','','','','','','',0,0,'0000-00-00 00:00:00','','0000-00-00 00:00:00','','2013-12-18 12:04:59','globeadmin','1'),('1455245046ba95','','nuobject','','0','1',10,'','sob_lookup_code_width',470,100,'Lookup','Code Width','text','0','0',50,0,'r','','0','','',NULL,NULL,NULL,'','',NULL,NULL,'','','','','','','','','','',NULL,'',NULL,'','','','','',0,'1','1','','','','','0','','','',0,0,'0000-00-00 00:00:00','','0000-00-00 00:00:00','','2013-12-18 12:04:59','globeadmin','1'),('1455245046ba9f','','nuobject','','0','1',10,'','sob_lookup_description_field',30,100,'Lookup','Description Field','text','0','0',200,0,'','','0','','','',NULL,0,'','',NULL,NULL,'','','','','','','','','','','','','','','','','','',0,'1','1','','','','','','','','',0,0,'0000-00-00 00:00:00','','0000-00-00 00:00:00','','2013-12-18 12:04:59','globeadmin','1'),('1455245046baa3','','nuobject','','0','1',10,'','sob_lookup_description_width',510,100,'Lookup','Description Width','text','0','0',50,0,'r','','0','','',NULL,NULL,NULL,'','',NULL,NULL,'','','','','','','','','','',NULL,'',NULL,'','','','','',0,'1','1','','','','','0','','','',0,0,'0000-00-00 00:00:00','','0000-00-00 00:00:00','','2013-12-18 12:04:59','globeadmin','1'),('1455245046baab','','nuobject','','0','1',20,'','sob_lookup_zzzsys_form_id',530,100,'Lookup','Form to Lookup','lookup','0','0',300,100,'l','0','0','','0',NULL,NULL,0,'','','','','','','','','SELECT * FROM zzzsys_form ORDER BY sfo_name','','','','','sfo_name','','sfo_title','','nuform','zzzsys_form_id','','','',0,'1','1','','','','','','','','',100,250,'0000-00-00 00:00:00','','2013-10-09 12:33:19','globeadmin','2014-01-10 09:49:46','globeadmin','1'),('1455245046bab3','','nuobject','','0','1',20,'','sob_lookup_php',600,100,'Lookup','PHP Functions','textarea','0','0',400,250,'l','0','0','','0',NULL,NULL,0,'','','','','','','','','','','','','','','','',NULL,'','','','','',0,'1','1','','','','','','','','',0,0,'0000-00-00 00:00:00','','2013-10-14 08:42:08','globeadmin','2013-12-18 12:05:00','globeadmin','1'),('1455245046bad0','','nuobject','','0','1',20,'','sob_subform_deletable',730,120,'Subform','Deleteable','dropdown','0','0',70,100,'','','0','','',NULL,NULL,0,'','',NULL,NULL,'','','','','1|Yes|0|No','','','','','','','',NULL,'','','','','',0,'1','1','','','','','','','','',0,0,'0000-00-00 00:00:00','','0000-00-00 00:00:00','','2013-12-18 12:05:01','globeadmin','1'),('1455245046bf8a','','nuobject','','0','1',20,'','sob_subform_foreign_key',220,120,'Subform','Foreign Key','text','0','0',200,0,'','','0','','',NULL,NULL,NULL,'','',NULL,NULL,'','','','','','','','','','',NULL,'',NULL,'','','','','',NULL,'1','1','','','','','','','','',0,0,'0000-00-00 00:00:00','','0000-00-00 00:00:00','','2013-12-18 12:05:00','globeadmin','1'),('1455245046bfad','','nuobject','','0','1',20,'','sob_subform_primary_key',210,120,'Subform','Primary Key','text','0','0',200,0,'','','0','','',NULL,NULL,0,'','',NULL,NULL,'','','','','','','','','','','','',NULL,'','','','','',0,'1','1','','','','','','','','',0,0,'0000-00-00 00:00:00','','0000-00-00 00:00:00','','2013-12-18 12:05:00','globeadmin','1'),('1455245046bfb5','','nuobject','','0','1',30,'','sob_subform_sql',10,120,'Subform','SQL','textarea','0','0',400,150,'','0','0','','','',NULL,0,'','',NULL,NULL,'','','','','','','','','','','','','','','','','','',0,'1','1','','','','','','','','',0,0,'0000-00-00 00:00:00','','0000-00-00 00:00:00','','2013-12-18 12:05:01','globeadmin','1'),('1455245046bfb8','','nuobject','','0','1',20,'','sob_subform_table',200,120,'Subform','Table Name','text','0','0',200,0,'','','0','','',NULL,NULL,0,'','',NULL,NULL,'','','','','','','','','','','','',NULL,'','','','','',0,'1','1','','','','','','','','',0,0,'0000-00-00 00:00:00','','0000-00-00 00:00:00','','2013-12-18 12:05:00','globeadmin','1'),('1455245046bfd1','','nuobject','','0','1',10,'','sob_text_format',780,130,'Text','Format','dropdown','0','0',100,100,'l','0','0','','0',NULL,NULL,NULL,'','',NULL,NULL,'','','','','0|10000|1|10000.0|2|10000.00|3|10000.000|4|10000.0000|5|10000.00000|6|13-Jan-2007|7|13-01-2007|8|Jan-13-2007|9|01-13-2007|10|13-Jan-07|11|13-01-07|12|Jan-13-07|13|01-13-07|14|10,000|15|10,000.0|16|10,000.00|17|10,000.000|18|10,000.0000|19|10,000.00000|20|10000|21|10000,0|22|10000,00|23|10000,000|24|10000,0000|25|10000,00000|26|10.000|27|10.000,0|28|10.000,00|29|10.000,000','','','','','',NULL,'',NULL,'','','','','',0,'1','1','','','','','','',NULL,'',0,0,'0000-00-00 00:00:00','','0000-00-00 00:00:00','','2013-12-18 12:05:01','globeadmin','1'),('1455245046bff5','','1455245046c010','','0','1',10,'','sbr_order',70,10,'Browse Fields','Order','text','0','0',100,0,'r','1','0','','0','',NULL,0,'','',NULL,NULL,'','','','','','','','','','','','','','','','','','',0,'1','1','','','','','0','',NULL,'',0,0,'0000-00-00 00:00:00','','2014-01-10 09:54:23','globeadmin','2014-01-10 09:54:23','globeadmin','1'),('1455245046bff6','','1455245046c010','','0','1',10,'','sbr_width',60,10,'Browse Fields','Width','text','0','0',100,0,'r','1','0','','0','',NULL,0,'','',NULL,NULL,'','','','','','','','','','','','','','','','','','',0,'1','1','','','','','0','',NULL,'',0,0,'0000-00-00 00:00:00','','2014-01-10 09:53:12','globeadmin','2014-01-10 09:53:12','globeadmin','1'),('1455245046c003','','1455245046c010','','0','1',10,'','sbr_title',10,10,'Browse Fields','Title','text','0','0',100,0,'','','0','','','',NULL,0,NULL,'',NULL,NULL,NULL,'','','','','','','','','','','','','',NULL,'','',NULL,0,'1','1','','','','','','',NULL,'b',0,0,'0000-00-00 00:00:00','','0000-00-00 00:00:00','','2013-10-10 10:42:52','globeadmin','1'),('1455245046c006','','1455245046c010',NULL,'0','1',10,'','sbr_display',20,10,'Browse Fields','Display','text','0','0',100,0,'','','0','','',NULL,NULL,NULL,'','','','','','','','','','','','','','',NULL,'',NULL,'','','','','',0,'1','1','','','','','','',NULL,'',0,0,'0000-00-00 00:00:00','','0000-00-00 00:00:00','','2013-10-10 10:42:52','globeadmin','1'),('1455245046c009','','1455245046c010','','0','1',10,'','sbr_align',30,10,'Select Fields','Align','dropdown','0','0',100,100,'','','0','','','',NULL,0,NULL,'',NULL,NULL,'','','','','l|Left|r|Right|c|Center','','','','','','','','','','','','',NULL,0,'1','1','','','','','','','','b',0,0,'0000-00-00 00:00:00','','0000-00-00 00:00:00','','2013-10-10 10:42:52','globeadmin','1'),('1455245046c00d','','1455245046c010','','0','1',10,'','sbr_sort',25,10,'Select Fields','Sort','text','0','0',100,0,'l','1','0','','0','',NULL,0,'','','','','','','','','','','','','','','','','','','','','','',0,'1','1','','','','','','','','',0,0,'0000-00-00 00:00:00','','0000-00-00 00:00:00','','2013-10-10 10:42:52','globeadmin','1'),('1455245046c010','','nuform','','0','1',10,'','browseColumns',10,15,'Browse','Browse Columns','subform','100','110',789,300,'l','0','0','','0','',NULL,0,'','',NULL,NULL,'','','','','','','','','','','','','','','','','','',22,'1','1','sbr_zzzsys_form_id','zzzsys_browse_id','SELECT * FROM zzzsys_browse WHERE sbr_zzzsys_form_id = \'#RECORD_ID#\' ORDER BY sbr_order','zzzsys_browse','','','','g',0,0,'0000-00-00 00:00:00','','2013-09-10 09:30:34','globeadmin','2014-01-09 17:09:30','globeadmin','1'),('1455245046c01f','','nuform','','0','1',10,'','sfo_name',10,10,'General','Code','text','0','0',100,0,'l','0','0','','1','',NULL,0,'','',NULL,NULL,'','','','','','','','','','','','','','','','','','',0,'1','1','','','','','','','','',0,0,'0000-00-00 00:00:00','','0000-00-00 00:00:00','','2014-01-09 17:09:29','globeadmin','1'),('1455245047bca2','','nuobject','','0','1',10,'','sob_lookup_autocomplete',600,100,'Lookup','Autocomplete','dropdown','0','0',50,100,'','','0','','',NULL,NULL,0,'','',NULL,NULL,'','','','','1|Yes|0|No','','','','','','','',NULL,'','','','','',0,'1','1','','','','','','','','',0,0,'0000-00-00 00:00:00','','0000-00-00 00:00:00','','2013-12-18 12:04:59','globeadmin','1'),('1456ca1f6158bc','','nuobject','','0','1',10,'','sob_zzzsys_form_id',10,10,'All','Displayed On','lookup','0','0',300,100,'l','1','0','','0','',NULL,0,'','','','','','','','','SELECT * FROM #TABLE_ID# order by thename','','','','','thecode','','thedesc','','51661887c32f9ec','theid','','','',0,'1','1','','','','','','','','',60,250,'0000-00-00 00:00:00','','0000-00-00 00:00:00','','2014-01-10 09:34:53','globeadmin','1'),('14573719372039','','nuindex','','1','1',25,'','FormsButton',50,500,'Setup','Forms','button','0','0',120,30,'l','0','0','','0','1',NULL,0,'','nuform',NULL,NULL,'','','','','','','','','','','','','','','','','','',0,'1','1','','','','','','','','',0,0,'0000-00-00 00:00:00','','0000-00-00 00:00:00','','0000-00-00 00:00:00','','1'),('1457375b63c9bb','','nuobject','','0','1',10,'','sob_button_browse_filter',110,20,'Button','Default Filter for Browse Screen','text','0','0',200,0,'','','0','','','',NULL,0,'','',NULL,NULL,'','','','','','','','','','','','','','','','','','',0,'1','1','','','','','','','','',0,0,'0000-00-00 00:00:00','','0000-00-00 00:00:00','','2013-12-18 12:04:58','globeadmin','1'),('145737841574fa','','nuindex','','1','1',25,'','ObjectsButton',70,500,'Setup','Objects','button','0','0',120,30,'l','0','0','','0','1',NULL,0,'','nuobject',NULL,NULL,'','','','','','','','','','','','','','','','','','',0,'1','1','','','','','','','','',0,0,'0000-00-00 00:00:00','','0000-00-00 00:00:00','','2013-10-03 13:18:26','globeadmin','1'),('14575d3a98d24e','','nuform','','0','1',10,'','sfo_title',20,10,'General','Description','text','0','0',250,0,'l','0','0','','0','',NULL,0,'','',NULL,NULL,'','','','','','','','','','','','','','','','','','',0,'1','1','','','','','','','','',0,0,'0000-00-00 00:00:00','','0000-00-00 00:00:00','','2014-01-09 17:09:29','globeadmin','1'),('14575e368d59f9','','nuform','','0','1',20,'','sfo_sql',40,10,'General','SQL','textarea','0','0',350,250,'','','0','','','',NULL,0,'','','','','','','','','','','','','','','','','','','','','','',0,'1','1','','','','','','','','',0,0,'0000-00-00 00:00:00','','0000-00-00 00:00:00','','2014-01-09 17:09:30','globeadmin','1'),('14575e416b71b1','','nuform','','0','1',10,'','sfo_table',60,10,'General','Table','text','0','0',250,0,'','','0','','','',NULL,0,'','',NULL,NULL,'','','','','','','','','','','','','','','','','','',0,'1','1','','','','','','','','',0,0,'0000-00-00 00:00:00','','0000-00-00 00:00:00','','2014-01-09 17:09:29','globeadmin','1'),('1457737c94bc68','','nuform','','0','1',10,'','sfo_primary_key',70,10,'General','Primary Key','text','0','0',250,0,'','','0','','','',NULL,0,'','',NULL,NULL,'','','','','','','','','','','','','','','','','','',0,'1','1','','','','','','','','',0,0,'0000-00-00 00:00:00','','0000-00-00 00:00:00','','2014-01-09 17:09:30','globeadmin','1'),('1457738260ebd8','','nuform','','0','1',10,'','sfo_add_button',10,20,'Action Buttons','Add Button','dropdown','0','0',70,100,'','','0','','','',NULL,0,'','',NULL,NULL,'','','','','1|Yes|0|No','','','','','','','','','','','','','',0,'1','1','','','','','','','','',0,0,'0000-00-00 00:00:00','','0000-00-00 00:00:00','','2014-01-09 17:09:30','globeadmin','1'),('1457739571a2f3','','nuform','','0','1',10,'','sfo_add_button_display_condition',20,20,'Action Buttons','Display Condition','textarea','0','0',300,70,'','','0','','','',NULL,0,'','',NULL,NULL,'','','','','','','','','','','','','','','','','','',0,'1','1','','','','','','','','',0,0,'0000-00-00 00:00:00','','0000-00-00 00:00:00','','2014-01-09 17:09:31','globeadmin','1'),('145773a2a6e1b9','','nuform','','0','1',10,'','sfo_save_button',30,20,'Action Buttons','Save Button','dropdown','0','0',70,100,'','','0','','','',NULL,0,'','',NULL,NULL,'','','','','1|Yes|0|No','','','','','','','','','','','','','',0,'1','1','','','','','','','','',0,0,'0000-00-00 00:00:00','','0000-00-00 00:00:00','','2014-01-09 17:09:31','globeadmin','1'),('145773a500ebd8','','nuform','','0','1',10,'','sfo_save_button_display_condition',40,20,'Action Buttons','Display Condition','textarea','0','0',300,70,'','','0','','','',NULL,0,'','',NULL,NULL,'','','','','','','','','','','','','','','','','','',0,'1','1','','','','','','','','',0,0,'0000-00-00 00:00:00','','0000-00-00 00:00:00','','2014-01-09 17:09:31','globeadmin','1'),('145773a9557383','','nuform','','0','1',10,'','sfo_delete_button',50,20,'Action Buttons','Delete Button','dropdown','0','0',70,100,'','','0','','','',NULL,0,'','',NULL,NULL,'','','','','1|Yes|0|No','','','','','','','','','','','','','',0,'1','1','','','','','','','','',0,0,'0000-00-00 00:00:00','','0000-00-00 00:00:00','','2014-01-09 17:09:31','globeadmin','1'),('145773ab7798d4','','nuform','','0','1',10,'','sfo_delete_button_display_condition',60,20,'Action Buttons','Display Condition','textarea','0','0',300,70,'','','0','','','',NULL,0,'','',NULL,NULL,'','','','','','','','','','','','','','','','','','',0,'1','1','','','','','','','','',0,0,'0000-00-00 00:00:00','','0000-00-00 00:00:00','','2014-01-09 17:09:31','globeadmin','1'),('145773b86d8eb5','','nuform','','0','1',20,'','sfo_clone_button',70,20,'Action Buttons','Clone Button','dropdown','0','0',70,100,'','','0','','','',NULL,0,'','','','','','','','','1|Yes|0|No','','','','','','','','','','','','','',0,'1','1','','','','','','','','',0,0,'0000-00-00 00:00:00','','0000-00-00 00:00:00','','2014-01-09 17:09:31','globeadmin','1'),('145773ba26e1b9','','nuform','','0','1',20,'','sfo_clone_button_display_condition',80,20,'Action Buttons','Display Condition','textarea','0','0',300,70,'','','0','','','',NULL,0,'','','','','','','','','','','','','','','','','','','','','','',0,'1','1','','','','','','','','',0,0,'0000-00-00 00:00:00','','0000-00-00 00:00:00','','2014-01-09 17:09:31','globeadmin','1'),('1457742314bc68','','1455245046c010','','0','1',10,'','sbr_format',35,10,'Select Fields','Format','dropdown','0','0',100,100,'','','0','','','',NULL,0,NULL,'',NULL,NULL,NULL,'','','','0|10000|1|10000.0|2|10000.00|3|10000.000|4|10000.0000|5|10000.00000|6|13-Jan-2007|7|13-01-2007|8|Jan-13-2007|9|01-13-2007|10|13-Jan-07|11|13-01-07|12|Jan-13-07|13|01-13-07|14|10,000|15|10,000.0|16|10,000.00|17|10,000.000|18|10,000.0000|19|10,000.00000|20|10000|21|10000,0|22|10000,00|23|10000,000|24|10000,0000|25|10000,00000|26|10.000|27|10.000,0|28|10.000,00|29|10.000,000','','','','','','','','','',NULL,'','',NULL,0,'1','1','','','','','','',NULL,'b',0,0,'0000-00-00 00:00:00','','0000-00-00 00:00:00','','2013-10-10 10:42:53','globeadmin','1'),('145787d61a3837','','nuform','','0','1',10,'','extraActionButtons',10,25,'Extra Action Buttons','Extra Action Buttons','subform','17','154',700,400,'l','0','0','','0','',NULL,0,'','','','','','','','','','','','','','','','','','','','','','',105,'1','1','sfa_zzzsys_form_id','zzzsys_form_action_id','SELECT * FROM zzzsys_form_action WHERE sfa_zzzsys_form_id = \'#RECORD_ID#\' ORDER BY zzzsys_form_action_id','zzzsys_form_action','','','','g',0,0,'0000-00-00 00:00:00','','0000-00-00 00:00:00','','2014-01-09 17:09:32','globeadmin','1'),('145787ef89be25','','145787d61a3837','','0','1',10,'','sfa_button_title',10,10,'Main','Title','text','0','0',150,0,'','','0','','','',NULL,0,'','','','','','','','','','','','','','','','','','','','','','',0,'1','1','','','','','','','','',0,0,'0000-00-00 00:00:00','','0000-00-00 00:00:00','','2013-10-10 10:43:00','globeadmin','1'),('145787f625367a','','145787d61a3837','','0','1',20,'','sfa_button_javascript',26,10,'Main','Javascript to Run','textarea','0','0',330,100,'','','0','','','',NULL,0,'','','','','','','','','','','','','','','','','','','','','','',0,'1','1','','','','','','','','',0,0,'0000-00-00 00:00:00','','0000-00-00 00:00:00','','2013-10-10 10:43:00','globeadmin','1'),('145787f999fb2e','','145787d61a3837','','0','1',15,'','sfa_button_display_condition',30,10,'Main','Display Condition','textarea','0','0',150,100,'','','0','','','',NULL,0,'','','','','','','','','','','','','','','','','','','','','','',0,'1','1','','','','','','','','',0,0,'0000-00-00 00:00:00','','0000-00-00 00:00:00','','2013-10-10 10:43:00','globeadmin','1'),('1457c6e9eb2c5b','','nuobject','','0','1',20,'','lookupSubform',800,100,'Lookup','Update Other Fields','subform','182','12',500,200,'l','0','0','','0','',NULL,0,'','',NULL,NULL,'','','','','','','','','','','','','','','','','','',26,'1','1','slo_zzzsys_object_id','zzzsys_lookup_id','SELECT * FROM zzzsys_lookup WHERE slo_zzzsys_object_id = \'#RECORD_ID#\'','zzzsys_lookup','','','','g',0,0,'0000-00-00 00:00:00','','0000-00-00 00:00:00','','2013-12-18 12:05:00','globeadmin','1'),('1457c73b54bc68','','1457c6e9eb2c5b','','0','1',10,'','zzzsys_slo_object_name',20,10,'S1','Object Name','text','0','0',230,0,'l','0','0','','0','',NULL,0,'','',NULL,NULL,'','','','','','','','','','','','','','','','','','',0,'1','1','','','','','','','','',0,0,'0000-00-00 00:00:00','','2013-10-11 13:22:38','globeadmin','2013-10-14 09:10:38','globeadmin','1'),('1457f678cd1e6d','','nuobject','','0','1',10,'','sob_lookup_id_field',10,100,'Lookup','ID Field','text','0','0',200,0,'','','0','','','',NULL,0,'','',NULL,NULL,'','','','','','','','','','','','','','','','','','',0,'1','1','','','','','','','','',0,0,'0000-00-00 00:00:00','','0000-00-00 00:00:00','','2013-12-18 12:04:59','globeadmin','1'),('14580c083db4cb','','nuform','','0','1',10,'','sfo_custom_code_run_before_open',110,120,'Custom Code','','textarea','45','30',0,0,'','','0','','','',NULL,0,'','','','','','','','','','','','','','','','','','','','','','',0,'1','1','','','','','','','','',0,0,'0000-00-00 00:00:00','','0000-00-00 00:00:00','','2014-01-09 17:09:33','globeadmin','1'),('14580c11db5271','','nuform','','0','1',10,'','sfo_custom_code_run_after_save',5,120,'Custom Code','','textarea','45','30',0,0,'','','0','','','',NULL,0,'','','','','','','','','','','','','','','','','','','','','','',0,'1','1','','','','','','','','',0,0,'0000-00-00 00:00:00','','0000-00-00 00:00:00','','2014-01-09 17:09:32','globeadmin','1'),('14580c12e28024','','nuform','','0','1',10,'','sfo_custom_code_run_after_delete',10,120,'Custom Code','','textarea','45','30',0,0,'','','0','','','',NULL,0,'','','','','','','','','','','','','','','','','','','','','','',0,'1','1','','','','','','','','',0,0,'0000-00-00 00:00:00','','0000-00-00 00:00:00','','2014-01-09 17:09:32','globeadmin','1'),('14580c19159999','','nuform','','0','1',10,'','sfo_custom_code_run_javascript',1000,120,'Custom Code','','textarea','45','30',0,0,'','','0','','','',NULL,0,'','','','','','','','','','','','','','','','','','','','','','',0,'1','1','','','','','','','','',0,0,'0000-00-00 00:00:00','','0000-00-00 00:00:00','','2014-01-09 17:09:33','globeadmin','1'),('1459201a4676c8','','nuindex','','0','1',10,'','accessLevelButton',100,500,'Setup','Access Level','button','0','0',120,30,'','','0','','','',NULL,0,NULL,'14592006d24488',NULL,NULL,'','','','','','','','','','','','','','','','','',NULL,0,'1','1','','','','','','',NULL,'b',0,0,'0000-00-00 00:00:00','','0000-00-00 00:00:00','','0000-00-00 00:00:00','','1'),('1459205808b808','','14592006d24488','','0','1',10,'','sal_code',10,10,'Description','Code','text','0','0',100,0,'l','1','0','','1','',NULL,0,'','',NULL,NULL,'','','','','','','','','','','','','','','','','','',0,'1','1','','','','','','','','',0,0,'0000-00-00 00:00:00','','2013-11-11 07:56:51','globeadmin','2014-01-10 09:34:21','globeadmin','1'),('1459205a300368','','14592006d24488','','0','1',10,'','sal_description',20,10,'Description','Description','text','0','0',250,0,'l','1','0','','1','',NULL,0,'','',NULL,NULL,'','','','','','','','','','','','','','','','','','',0,'1','1','','','','','','',NULL,'',0,0,'0000-00-00 00:00:00','','2013-11-11 07:57:27','globeadmin','2014-01-10 09:34:21','globeadmin','1'),('145920ac55d738','','14592006d24488','','0','1',10,'','sal_zzzsys_form_id',30,10,'Description','Home Page','lookup','0','0',250,100,'','','0','','','',NULL,0,'','','','','','','','','SELECT zzzsys_form_id, sfo_name \nFROM zzzsys_form\nORDER BY sfo_name ','','','','','sfo_name','','sfo_title','','nuform','zzzsys_form_id','','','',0,'1','1','','','','','','','','',100,250,'0000-00-00 00:00:00','','0000-00-00 00:00:00','','2014-01-10 09:59:04','globeadmin','1'),('14593167adb25a','','nuindex','','0','1',20,'','runphpbutton',20,500,'Setup','Run PHP Code','button','0','0',120,30,'l','0','0','','0','',NULL,0,'','nurunphp',NULL,NULL,'','','','','','','','','','','','','','','','','','',0,'1','1','','','','','','','','',0,0,'0000-00-00 00:00:00','','2013-09-19 12:15:14','globeadmin','2013-09-19 12:15:14','globeadmin','1'),('145934df1b12f7','','145934bea27db3','','0','1',10,'','sug_code',10,10,'Main','Code','text','0','0',100,0,'l','0','0','','0','',NULL,0,NULL,'',NULL,NULL,'','','','','','','','','','','','','','','','','',NULL,0,'1','1','','','','','','',NULL,'',80,240,'0000-00-00 00:00:00','','2013-10-22 14:49:07','globeadmin','2013-10-22 14:59:13','globeadmin','1'),('145934e14a98e5','','145934bea27db3','','0','1',10,'','sug_description',20,10,'Main','Description','text','0','0',250,0,'','','0','','','',NULL,0,'','',NULL,NULL,'','','','','','','','','','','','','','','','','','',0,'1','1','','','','','','','','',80,240,'0000-00-00 00:00:00','','0000-00-00 00:00:00','','2013-10-22 14:59:13','globeadmin','1'),('145934e7305862','','nuindex','','0','1',10,'','UserGroups',110,500,'Setup','User Groups','button','0','0',120,30,'','','0','','','',NULL,0,NULL,'145934bea27db3',NULL,NULL,'','','','','','','','','','','','','','','','','',NULL,0,'1','1','','','','','','',NULL,'b',0,0,'0000-00-00 00:00:00','','0000-00-00 00:00:00','','0000-00-00 00:00:00','','1'),('14593559f334cf','','nuindex','','0','1',10,'','Users',130,500,'Setup','Users','button','0','0',120,30,'','','0','','','',NULL,0,NULL,'1459354088b09d',NULL,NULL,'','','','','','','','','','','','','','','','','',NULL,0,'1','1','','','','','','',NULL,'b',0,0,'0000-00-00 00:00:00','','0000-00-00 00:00:00','','0000-00-00 00:00:00','','1'),('145935a528b09d','','1459354088b09d','','0','1',10,'','sus_name',10,10,'Details','Name','text','0','0',200,0,'','','0','','','',NULL,0,'','',NULL,NULL,'','','','','','','','','','','','','','','','','','',0,'1','1','','','','','','','','',0,0,'0000-00-00 00:00:00','','0000-00-00 00:00:00','','0000-00-00 00:00:00','','1'),('145935a9b4e00d','','1459354088b09d','','0','1',10,'','sus_login_name',20,10,'Details','User Name','text','0','0',200,0,'','','0','','','',NULL,0,'','',NULL,NULL,'','','','','','','','','','','','','','','','','','',0,'1','1','','','','','','','','',0,0,'0000-00-00 00:00:00','','0000-00-00 00:00:00','','0000-00-00 00:00:00','','1'),('145935addcfb3f','','1459354088b09d','','0','1',10,'','nupassword',30,10,'Details','New Password','text','0','0',150,0,'l','0','0','','0','',NULL,0,'','',NULL,NULL,'','','','','','','','','','','','','','','','','','',0,'1','1','','','','','','password','1','',0,0,'0000-00-00 00:00:00','','0000-00-00 00:00:00','','0000-00-00 00:00:00','','1'),('145935b7f8eda6','','1459354088b09d','','0','1',10,'','sus_zzzsys_user_group_id',50,10,'Details','User Group','dropdown','0','0',100,100,'','','0','','','',NULL,0,NULL,'',NULL,NULL,'','','','','SELECT zzzsys_user_group_id, sug_code FROM zzzsys_user_group ORDER BY sug_code','','','','','','','','','','','','',NULL,0,'1','1','','','','','','',NULL,'b',0,0,'0000-00-00 00:00:00','','0000-00-00 00:00:00','','0000-00-00 00:00:00','','1'),('14594a58489545','','nuobject','','0','1',10,'','sob_text_type',840,130,'Text','Text Type','dropdown','0','0',100,100,'','','0','','','',NULL,0,'','',NULL,NULL,'','','','','password|Password','','','','','','','','','','','','','',0,'1','1','','','','','','','','',0,0,'0000-00-00 00:00:00','','0000-00-00 00:00:00','','2013-12-18 12:05:01','globeadmin','1'),('1459593a676418','','1457c6e9eb2c5b','','0','1',10,'','zzzsys_slo_field_function_name',10,10,'S1','Field or Function Name','text','0','0',200,0,'l','0','0','','0',NULL,NULL,0,'','',NULL,NULL,'','','','','','','','','','','','','','','','','','',0,'1','1','','','','','','','','',0,0,'0000-00-00 00:00:00','','2013-10-14 09:10:36','globeadmin','2013-10-14 09:10:38','globeadmin','1'),('14595a08007a13','','145934bea27db3','','0','1',10,'','sug_zzzsys_access_level_id',40,10,'Main','Access Level','dropdown','0','0',250,100,'','','0','','',NULL,NULL,0,'','','','','','','','','SELECT zzzsys_access_level_id, CONCAT(sal_code,\' - (\',sal_description,\')\') FROM zzzsys_access_level ORDER BY sal_code','','','','','','','','','','','','','',0,'1','1','','','','','','','','',0,0,'0000-00-00 00:00:00','','0000-00-00 00:00:00','','2013-10-22 14:59:13','globeadmin','1'),('1459744b2e8b26','','nuindex','','0','1',20,'','Runrep',40,500,'Setup','Run Report','button','0','0',120,30,'l','0','0','','0',NULL,NULL,0,'','nurunreport',NULL,NULL,'','','','','','','','','','','','','','','','','','',0,'1','1','','','','','','','','',0,0,'0000-00-00 00:00:00','','2013-09-19 12:15:30','globeadmin','2013-10-01 12:07:53','globeadmin','1'),('145aefc5710ffa','','nuindex','','1','1',30,'','Setup',80,500,'Setup','System Setup','button','0','0',120,30,'l','0','0','','0',NULL,NULL,0,'1','nusetup',NULL,NULL,'','','','','','','','','','','','','','','','','','',0,'1','1','','','','','','','','',0,0,'0000-00-00 00:00:00','','0000-00-00 00:00:00','','0000-00-00 00:00:00','','1'),('145bea9e09d919','','nuform','','0','1',10,'','sfo_save_title',35,20,'Action Buttons','Title','text','0','0',200,0,'','','0','','',NULL,NULL,0,'','',NULL,NULL,'','','','','','','','','','','','','','','','','','',0,'1','1','','','','','','','','',0,0,'0000-00-00 00:00:00','','0000-00-00 00:00:00','','2014-01-09 17:09:31','globeadmin','1'),('145beaa184f563','','nuform','','0','1',10,'','sfo_add_title',15,20,'Action Buttons','Title','text','0','0',200,0,'','','0','','',NULL,NULL,0,'','',NULL,NULL,'','','','','','','','','','','','','','','','','','',0,'1','1','','','','','','','','',0,0,'0000-00-00 00:00:00','','0000-00-00 00:00:00','','2014-01-09 17:09:30','globeadmin','1'),('145beaa6469387','','nuform','','0','1',10,'','sfo_delete_title',55,20,'Action Buttons','Title','text','0','0',200,0,'','','0','','',NULL,NULL,0,'','',NULL,NULL,'','','','','','','','','','','','','','','','','','',0,'1','1','','','','','','','','',0,0,'0000-00-00 00:00:00','','0000-00-00 00:00:00','','2014-01-09 17:09:31','globeadmin','1'),('145beaad4c5279','','nuform','','0','1',20,'','sfo_clone_title',75,20,'Action Buttons','Title','text','0','0',200,0,'','','0','','',NULL,NULL,0,'','','','','','','','','','','','','','','','','','','','','','',0,'1','1','','','','','','','','',0,0,'0000-00-00 00:00:00','','0000-00-00 00:00:00','','2014-01-09 17:09:31','globeadmin','1'),('145beaaeb6ff1a','','nuform','','0','1',20,'','sfo_new_title',95,20,'Action Buttons','Title','text','0','0',200,0,'l','0','0','','0',NULL,NULL,0,'','',NULL,NULL,'','','','','','','','','','','','','','','','','','',0,'1','1','','','','','','','','',0,0,'0000-00-00 00:00:00','','2013-10-08 09:34:33','globeadmin','2014-01-09 17:09:32','globeadmin','1'),('145beab058be2c','','nuform','','0','1',20,'','sfo_new_button',90,20,'Action Buttons','New Button','dropdown','0','0',70,100,'l','0','0','','0',NULL,NULL,0,'','',NULL,NULL,'','','','','1|Yes|0|No','','','','','','','','','','','','','',0,'1','1','','','','','','','','',0,0,'0000-00-00 00:00:00','','2013-10-08 09:33:59','globeadmin','2014-01-09 17:09:31','globeadmin','1'),('145beab28ce1bb','','nuform','','0','1',20,'','sfo_new_button_display_condition',100,20,'Action Buttons','Display Condition','textarea','0','0',300,70,'l','0','0','','0',NULL,NULL,0,'','',NULL,NULL,'','','','','','','','','','','','','','','','','','',0,'1','1','','','','','','','','',0,0,'0000-00-00 00:00:00','','2013-10-08 09:35:00','globeadmin','2014-01-09 17:09:32','globeadmin','1'),('145d3d46168a33','','nusetup','','0','1',10,'','set_time_out_minutes',140,10,'Setup','Timeout (minutes)','text','0','0',60,0,'r','1','0','','0',NULL,NULL,0,'','',NULL,NULL,'','','','','','','','','','','','','','','','','','',0,'1','1','','','','','0','','','',0,0,'0000-00-00 00:00:00','','0000-00-00 00:00:00','','2013-11-18 16:30:46','globeadmin','1'),('1460b1faf70520','','nuobject','','0','1',10,'','sob_button_skip_browse_record_id',110,20,'Button','Record ID','text','0','0',120,0,'','','0','','',NULL,NULL,0,'','',NULL,NULL,'','','','','SELECT zzzsys_form_id, sfo_name FROM zzzsys_form ORDER BY sfo_name','','','','','','','',NULL,'','','','','',0,'1','1','','','','','','','','',0,0,'0000-00-00 00:00:00','','0000-00-00 00:00:00','','2013-12-18 12:04:58','globeadmin','1'),('146bc0d39115da','','nuform',NULL,'','1',10,'','sfo_custom_code_run_after_browse',20,120,'Custom Code','','textarea','45','30',0,0,'','','0','','',NULL,NULL,NULL,'','',NULL,NULL,'','','','','','','','','','',NULL,'',NULL,'','','','','',0,'1','1','','','','','','','','',0,0,'0000-00-00 00:00:00','','0000-00-00 00:00:00','','2014-01-09 17:09:33','globeadmin','1'),('146bc0d39135da','','nuform','','0','1',10,'','sfo_custom_code_run_before_browse',10,120,'Custom Code','','textarea','45','30',0,0,'','','0','','',NULL,NULL,0,'','','','','','','','','','','','','','','','',NULL,'','','','','',0,'1','1','','','','','','','','',0,0,'0000-00-00 00:00:00','','0000-00-00 00:00:00','','2014-01-09 17:09:33','globeadmin','1'),('1472e8d3ced629','','nuindex','','1','1',30,'','imagesupload',120,500,'Setup','Images','button','0','0',120,30,'l','0','0','','0',NULL,NULL,0,'','1472e8ca60dec1','','','','','','','','','','','','','','',NULL,'','','','','',0,'1','1','','','','','','','','',0,0,'0000-00-00 00:00:00','','0000-00-00 00:00:00','','0000-00-00 00:00:00','','1'),('1472e8d8b36588','','1472e8ca60dec1','','0','1',10,'','sfi_code',10,10,'Main','Code','text','85','83',50,0,'l','1','0','','1',NULL,NULL,0,'','','','','','','','','','','','','','','','',NULL,'','','','','',0,'1','1','','','','','','','0','',0,0,'0000-00-00 00:00:00','','0000-00-00 00:00:00','','2014-01-17 13:36:18','globeadmin','1'),('1472e8dd001218','','1472e8ca60dec1','','0','1',10,'','sfi_description',20,10,'Main','Description','text','112','48',250,100,'l','0','0','','0',NULL,NULL,0,'','','','','','','','','','','','','','','','',NULL,'','','','','',0,'1','1','','','','','','','0','',0,0,'0000-00-00 00:00:00','','2013-10-25 13:46:49','globeadmin','2014-01-17 13:36:18','globeadmin','1'),('1472e93b996f3a','','1472e8ca60dec1','','0','1',10,'SELECT \'#sfi_size#\' != \'\'','display_image',60,10,'Main','','html','70','520',300,100,'l','0','1','','0',NULL,NULL,0,'','','','','','','','','','<divstyle=\"width: 150px; height:150px; overflow:scroll;\">\n<br><br>\n<img style=\"background-color:lightgrey\'\" width=\"350\" height=\"250\" id=\'theimage\' align=\"middle\" src=\'nufileget.php?i=#sfi_code#\'/>\n</div>\n<script>\n    var date = new Date().toUTCString();\n    var src = $(\'#theimage\').attr(\'src\');\n    $(\'#theimage\').attr(\'src\', src+\'&t=\'+date);\n</script>','','','','','','',NULL,'','','','','',0,'1','1','','','','','','','0','',0,0,'0000-00-00 00:00:00','','2014-01-17 09:52:38','globeadmin','2014-01-17 13:36:18','globeadmin','1'),('14731218d30f34','','1472e8ca60dec1','','0','1',10,'','sfi_group',30,10,'Main','Group','text','137','78',100,0,'l','0','0','','0',NULL,NULL,0,'','','','','','','','','','','','','','','','',NULL,'','','','','',0,'1','1','','','','','','','0','',0,0,'0000-00-00 00:00:00','','0000-00-00 00:00:00','','2014-01-17 13:36:18','globeadmin','1'),('14b171429ee70d','','nuform','','0','1',10,'','sfo_custom_code_run_before_save',115,120,'Custom Code','','textarea','45','30',0,0,'','','0','','',NULL,NULL,0,'','','','','','','','','','','','','','','','',NULL,'','','','','',0,'1','1','','','','','','','','',0,0,'0000-00-00 00:00:00','','0000-00-00 00:00:00','','2014-01-09 17:09:33','globeadmin','1'),('14ea879bf7c1a3','','nuform','','0','1',10,'','sfo_redirect_form_id',5,15,'Browse','Form To Edit (if not this form)','lookup','0','0',250,0,'l','0','0','','0',NULL,NULL,0,'','','','','','','','','SELECT * FROM zzzsys_form ORDER BY sfo_name','','','','','sfo_name','','sfo_title',NULL,'nuform','zzzsys_form_id','','','',0,'1','1','','','','','','','','',100,250,'0000-00-00 00:00:00','','2014-01-10 09:51:24','globeadmin','2014-01-10 09:51:25','globeadmin','1'),('14f0247a001c92','','nuform','','0','1',10,'','sfo_row_height',10,15,'Browse','Row Pixel Height','text','0','0',50,0,'r','0','0','','0',NULL,NULL,0,'','',NULL,NULL,'','','','','SELECT zzzsys_style_id, sst_class FROM zzzsys_style ORDER BY sst_class','','','','','','','',NULL,'','','','','',0,'1','1','','','','','0','','','',0,0,'0000-00-00 00:00:00','','2014-01-10 09:55:31','globeadmin','2014-01-10 09:55:31','globeadmin','1'),('14f02480d3c322','','nuform','','0','1',10,'','sfo_rows',20,15,'Browse','Rows Per Page','text','0','0',50,0,'r','0','0','','0',NULL,NULL,0,'','',NULL,NULL,'','','','','SELECT sst_class, sst_class FROM zzzsys_style ORDER BY sst_class','','','','','','','',NULL,'','','','','',0,'1','1','','','','','0','','','',0,0,'0000-00-00 00:00:00','','2014-01-10 09:56:33','globeadmin','2014-01-10 09:56:33','globeadmin','1'),('14f3852d29db17','','nuform',NULL,'','0',10,'','object_subform',10,200,'Reorder Form Objects','Objects','subform','10','30',950,350,'l','0','0','','0',NULL,NULL,NULL,'','',NULL,NULL,'','','','','','','','','','',NULL,'',NULL,'','','','','',21,'1','0','sob_zzzsys_form_id','zzzsys_object_id','SELECT * FROM zzzsys_object WHERE sob_zzzsys_form_id = \'#RECORD_ID#\' \nORDER BY \nsob_all_tab_number, \nsob_all_column_number, \nsob_all_order_number','zzzsys_object','','','','g',0,0,'0000-00-00 00:00:00','','0000-00-00 00:00:00','','2014-01-09 17:09:33','globeadmin','1'),('14f3852d29df28','','14f3852d29db17',NULL,'','1',10,'','sob_all_column_number',80,20,'Subform','Col','text','0','0',50,0,'r','','0','','',NULL,NULL,NULL,'','',NULL,NULL,'','','','','','','','','','',NULL,'',NULL,'','','','','',NULL,'1','1','','','','','0','','','',0,0,'0000-00-00 00:00:00','','0000-00-00 00:00:00','','2013-10-10 10:42:28','globeadmin','1'),('14f3852d29e0d9','','14f3852d29db17',NULL,'','1',10,'','sob_all_name',30,20,'Subform','Name','text','0','0',230,0,'','','0','','',NULL,NULL,NULL,'','',NULL,NULL,'','','','','','','','','','',NULL,'',NULL,'','','','','',0,'1','1','','','','','','','','',0,0,'0000-00-00 00:00:00','','0000-00-00 00:00:00','','2013-10-10 10:42:28','globeadmin','1'),('14f3852d29e282','','14f3852d29db17',NULL,'','1',10,'','sob_all_order_number',90,20,'Subform','Ord','text','0','0',50,0,'r','','0','','',NULL,NULL,NULL,'','',NULL,NULL,'','','','','','','','','','',NULL,'',NULL,'','','','','',NULL,'1','1','','','','','0','','','',0,0,'0000-00-00 00:00:00','','0000-00-00 00:00:00','','2013-10-10 10:42:28','globeadmin','1'),('14f3852d29e41e','','14f3852d29db17',NULL,'','1',10,'','sob_all_tab_number',70,20,'Subform','Tab','text','0','0',30,0,'r','','0','','',NULL,NULL,NULL,'','',NULL,NULL,'','','','','','','','','','',NULL,'',NULL,'','','','','',NULL,'1','1','','','','','0','','','',0,0,'0000-00-00 00:00:00','','0000-00-00 00:00:00','','2013-10-10 10:42:28','globeadmin','1'),('14f3852d29e5b9','','14f3852d29db17',NULL,'','1',10,'','sob_all_tab_title',60,20,'Subform','Tab Title','text','0','0',170,0,'','','0','','',NULL,NULL,NULL,'','',NULL,NULL,'','','','','','','','','','',NULL,'',NULL,'','','','','',NULL,'1','1','','','','','','','','',0,0,'0000-00-00 00:00:00','','0000-00-00 00:00:00','','2013-10-10 10:42:28','globeadmin','1'),('14f3852d29e774','','14f3852d29db17',NULL,'','1',10,'','sob_all_title',35,20,'Subform','Title','text','0','0',230,0,'','','0','','',NULL,NULL,NULL,'','',NULL,NULL,'','','','','','','','','','',NULL,'',NULL,'','','','','',NULL,'1','1','','','','','','','','',0,0,'0000-00-00 00:00:00','','0000-00-00 00:00:00','','2013-10-10 10:42:28','globeadmin','1'),('14fa457aece384','','nuobject','','0','1',10,'','sob_browse_zzzsys_form_id',10,200,'Browse','Browse','lookup','0','0',250,100,'l','0','0','','0',NULL,NULL,0,'','',NULL,NULL,'','','','','SELECT * FROM zzzsys_form ORDER BY sfo_name','','','','','sfo_name','','sfo_title',NULL,'nuform','zzzsys_form_id','','','',0,'1','1','','','','','','','','',100,250,'0000-00-00 00:00:00','','2013-10-09 12:33:29','globeadmin','2013-12-18 12:05:01','globeadmin','1'),('14fa5ac5c9a139','','nuobject','','0','1',10,'','sob_browse_filter',20,200,'Browse','Default Filter for Browse','text','0','0',250,0,'','','0','','',NULL,NULL,0,'','',NULL,NULL,'','','','','','','','','','','','',NULL,'','','','','',0,'1','1','','','','','','','','',0,0,'0000-00-00 00:00:00','','0000-00-00 00:00:00','','2013-12-18 12:05:02','globeadmin','1'),('14feb8e8026465','','14592006d24488','','0','1',10,'','formAccess',10,40,'Forms','','subform','30','70',880,400,'l','0','0','','0',NULL,NULL,0,'','',NULL,NULL,'','','','','','','','','','','','',NULL,'','','','','',22,'1','1','slf_zzzsys_access_level_id','zzzsys_access_level_form_id','SELECT * FROM zzzsys_access_level_form\nINNER JOIN zzzsys_form ON slf_zzzsys_form_id = zzzsys_form_id\nWHERE slf_zzzsys_access_level_id = \'#RECORD_ID#\'\nORDER BY sfo_name','zzzsys_access_level_form','','','','g',0,0,'0000-00-00 00:00:00','','0000-00-00 00:00:00','','2014-01-10 09:34:21','globeadmin','1'),('14feb90091f111','','14feb8e8026465','','0','1',10,'','slf_zzzsys_form_id',10,10,'Main','Forms Allowed Access','lookup','0','0',250,0,'l','1','0','','0',NULL,NULL,0,'','',NULL,NULL,'','','','','','','','','','sfo_name','','sfo_title',NULL,'nuform','zzzsys_form_id','','','1',0,'1','1','','','','','','','','',100,250,'0000-00-00 00:00:00','','0000-00-00 00:00:00','','2014-01-10 09:59:52','globeadmin','1'),('14feb92315662b','','14feb8e8026465','','0','1',10,'','slf_add_button',20,10,'Main','Remove Add Btn.','dropdown','0','0',70,100,'','','0','','',NULL,NULL,0,'','',NULL,NULL,'','','','','1|Yes|0|No','','','','','sfo_name','','sfo_title',NULL,'form','zzzsys_form_id','','','',0,'1','1','','','','','','','','',240,240,'0000-00-00 00:00:00','','0000-00-00 00:00:00','','2013-12-09 17:07:25','globeadmin','1'),('14feb929a82943','','14feb8e8026465','','0','1',10,'','slf_save_button',30,10,'Main','Remove Save Btn.','dropdown','0','0',70,100,'','','0','','',NULL,NULL,0,'','',NULL,NULL,'','','','','1|Yes|0|No','','','','','sfo_name','','sfo_title',NULL,'form','zzzsys_form_id','','','',0,'1','1','','','','','','','','',240,240,'0000-00-00 00:00:00','','0000-00-00 00:00:00','','2013-12-09 17:07:25','globeadmin','1'),('14feb92b66c04f','','14feb8e8026465','','0','1',10,'','slf_delete_button',40,10,'Main','Remove Del. Btn.','dropdown','0','0',70,100,'','','0','','',NULL,NULL,0,'','',NULL,NULL,'','','','','1|Yes|0|No','','','','','sfo_name','','sfo_title',NULL,'form','zzzsys_form_id','','','',0,'1','1','','','','','','','','',240,240,'0000-00-00 00:00:00','','0000-00-00 00:00:00','','2013-12-09 17:07:25','globeadmin','1'),('14feb92eed6083','','14feb8e8026465','','0','1',10,'','slf_new_button',60,10,'Main','Remove New Btn.','dropdown','0','0',70,100,'l','0','0','','0',NULL,NULL,0,'','',NULL,NULL,'','','','','1|Yes|0|No','','','','','sfo_name','','sfo_title',NULL,'form','zzzsys_form_id','','','',0,'1','1','','','','','','','','',240,240,'0000-00-00 00:00:00','','2013-10-10 07:46:36','globeadmin','2013-12-09 17:07:25','globeadmin','1'),('14feb93cbbff85','','14feb8e8026465','','0','1',10,'','slf_clone_button',50,10,'Main','Remove Clone Btn.','dropdown','0','0',70,100,'','','0','','',NULL,NULL,0,'','',NULL,NULL,'','','','','1|Yes|0|No','','','','','sfo_name','','sfo_title',NULL,'form','zzzsys_form_id','','','',0,'1','1','','','','','','','','',240,240,'0000-00-00 00:00:00','','0000-00-00 00:00:00','','2013-12-09 17:07:25','globeadmin','1'),('150206dfea0401','','nuindex','','1','1',30,'','Debugbt',90,500,'Setup','Debug','button','0','0',120,30,'l','0','0','','0',NULL,NULL,0,'','521aa180c060e7e',NULL,NULL,'','','','','','','','','','','','',NULL,'','','','','',0,'1','1','','','','','','','','',0,0,'0000-00-00 00:00:00','','0000-00-00 00:00:00','','0000-00-00 00:00:00','','1'),('15021bce9c7549','','nusetup','','0','1',10,'','set_language',250,10,'Setup','Language','dropdown','0','0',100,100,'','','0','','',NULL,NULL,0,'','',NULL,NULL,'','','','','SELECT trl_language, trl_language FROM zzzsys_translate \r\nGROUP BY trl_language\r\nORDER BY trl_language\r\n','','','','','','','',NULL,'','','','','',0,'1','1','','','','','','','','b',0,0,'0000-00-00 00:00:00','','0000-00-00 00:00:00','','2013-11-18 16:30:46','globeadmin','1'),('15023043618a09','','15023030aec83b','','0','1',10,'','trl_language',10,10,'Details','Language','text','0','0',100,0,'','','0','','',NULL,NULL,0,'','',NULL,NULL,'','','','','','','','','','','','',NULL,'','','','','',0,'1','1','','','','','','','','b',0,0,'0000-00-00 00:00:00','','0000-00-00 00:00:00','','0000-00-00 00:00:00','','1'),('15023046831fc2','','nuindex','','1','1',30,'','transbt',100,500,'Setup','Translation','button','0','0',120,30,'l','0','0','','0',NULL,NULL,0,'','15023030aec83b',NULL,NULL,'','','','','','','','','','','','',NULL,'','','','','',0,'1','1','','','','','','','','',0,0,'0000-00-00 00:00:00','','0000-00-00 00:00:00','','0000-00-00 00:00:00','','1'),('1502304d649403','','15023030aec83b','','0','1',10,'','trl_english',20,10,'Details','English','text','0','0',200,0,'l','0','0','','0',NULL,NULL,0,'','',NULL,NULL,'','','','','','','','','','','','',NULL,'','','','','',0,'1','1','','','','','','','','',0,0,'0000-00-00 00:00:00','','0000-00-00 00:00:00','','0000-00-00 00:00:00','','1'),('15023052d34bc7','','15023030aec83b','','0','1',10,'','trl_translation',30,10,'Details','Translation','text','0','0',200,0,'l','0','0','','0',NULL,NULL,0,'','',NULL,NULL,'','','','','','','','','','','','',NULL,'','','','','',0,'1','1','','','','','','','','',0,0,'0000-00-00 00:00:00','','0000-00-00 00:00:00','','0000-00-00 00:00:00','','1'),('1504975ff1dbbb','','1459354088b09d','','0','1',10,'SELECT 0','sus_login_password_was',100,10,'Details','','display','0','0',100,100,'','','0','','',NULL,NULL,0,'','',NULL,NULL,'','','','SELECT sus_login_password FROM zzzsys_user WHERE zzzsys_user_id = \'#recordID#\'','','','','','','','','',NULL,'','','','','',0,'1','1','','','','','','','1','',0,0,'0000-00-00 00:00:00','','0000-00-00 00:00:00','','0000-00-00 00:00:00','','1'),('15087459201b94','','nusetup','','0','1',10,'','set_smtp_test_email',80,20,'Email Settings','Test Email ','button','0','0',120,30,'l','0','0','','0',NULL,NULL,0,'','',NULL,NULL,'','','','','1|Yes|0|No','','','','','','','',NULL,'','','','','',0,'1','1','','','','','','','','',0,0,'0000-00-00 00:00:00','','0000-00-00 00:00:00','','2013-11-18 16:30:48','globeadmin','1'),('150c0145249c92','','14f3852d29db17',NULL,'','1',10,'','sob_all_top',100,20,'Subform','Top','text','0','0',50,0,'r','','0','','',NULL,NULL,NULL,'','',NULL,NULL,'','','','','','','','','','','','',NULL,'','','','','',0,'1','1','','','','','0','','','',0,0,'0000-00-00 00:00:00','','0000-00-00 00:00:00','','2013-10-10 10:42:28','globeadmin','1'),('150c014660db40','','14f3852d29db17',NULL,'','1',10,'','sob_all_left',110,20,'Subform','Left','text','0','0',50,0,'r','','0','','',NULL,NULL,NULL,'','',NULL,NULL,'','','','','','','','','','','','',NULL,'','','','','',0,'1','1','','','','','0','','','',0,0,'0000-00-00 00:00:00','','0000-00-00 00:00:00','','2013-10-10 10:42:28','globeadmin','1'),('150cff28506bde','','nusetup',NULL,'0','1',10,'','set_version',10,10,'Setup','Version','text','0','0',100,0,'l','0','0','','0',NULL,NULL,NULL,'','',NULL,NULL,'','','','','1|Yes|0|No','','','','','','','',NULL,'','','','','',0,'1','1','','','','','','','','',0,0,'0000-00-00 00:00:00','','0000-00-00 00:00:00','','2013-11-18 16:30:46','globeadmin','1'),('5142b7878f23f81','','nuobject',NULL,'0','1',20,'','sob_subform_type',780,120,'Subform','Subform Type','dropdown','0','0',70,0,'','','0','','',NULL,NULL,NULL,'','',NULL,NULL,'','','','','g|Grid|f|Form','','','','','',NULL,'',NULL,'','','','','',NULL,'1','1','','','','','','','','',0,0,'0000-00-00 00:00:00','','0000-00-00 00:00:00','','2013-12-18 12:05:01','globeadmin','1'),('514799c658a9a4d','','nuobject',NULL,'0','1',20,'','sob_subform_row_height',225,120,'Subform','Row Height','text','0','0',50,0,'r','','0','','',NULL,NULL,NULL,'','',NULL,NULL,'','','','','','','','','','',NULL,'',NULL,'','','','','',NULL,'1','1','','','','','0','','','',0,0,'0000-00-00 00:00:00','','0000-00-00 00:00:00','','2013-12-18 12:05:00','globeadmin','1'),('51479fa5d17974d','','nuobject',NULL,'0','1',20,'','sob_subform_addable',230,120,'Subform','Addable','dropdown','0','0',70,100,'','','0','','',NULL,NULL,NULL,'','',NULL,NULL,'','','','','1|Yes|0|No','','','','','',NULL,'',NULL,'','','','','',0,'1','1','','','','','','','','',0,0,'0000-00-00 00:00:00','','0000-00-00 00:00:00','','2013-12-18 12:05:00','globeadmin','1'),('515222283d84654','','nuobject',NULL,'0','1',10,'','sub_events',10,15,'Events','Events','subform','20','200',620,350,'','','0','','',NULL,NULL,NULL,'','',NULL,NULL,'','','','','','','','','','',NULL,'',NULL,'','','','','',110,'1','1','sev_zzzsys_object_id','zzzsys_event_id','SELECT * FROM zzzsys_event WHERE sev_zzzsys_object_id = \'#RECORD_ID#\'','zzzsys_event','','','','g',0,0,'0000-00-00 00:00:00','','0000-00-00 00:00:00','','2013-12-18 12:04:58','globeadmin','1'),('515223562d0a69d','','515222283d84654',NULL,'0','1',10,'','sev_name',10,10,'Detail','Event Name','text','100','100',150,0,'','','0','','',NULL,NULL,NULL,'','',NULL,NULL,'','','','','','','','','','',NULL,'',NULL,'','','','','',100,'1','1','sev_zzzsys_object_id','zzzsys_event_id','SELECT * FROM zzzsys_event WHERE sev_zzzsys_object_id = \'#RECORD_ID#\'','zzzsys_event','','','','g',0,0,'0000-00-00 00:00:00','','0000-00-00 00:00:00','','0000-00-00 00:00:00','','1'),('515223cfd1c36e2','','515222283d84654',NULL,'0','1',10,'','sev_javascript',20,10,'Detail','Javascript','textarea','100','100',400,100,'','1','0','','',NULL,NULL,NULL,'','',NULL,NULL,'','','','','','','','','','',NULL,'',NULL,'','','','','',100,'1','1','sev_zzzsys_object_id','zzzsys_event_id','SELECT * FROM zzzsys_event WHERE sev_zzzsys_object_id = \'#RECORD_ID#\'','zzzsys_event','','','','g',0,0,'0000-00-00 00:00:00','','0000-00-00 00:00:00','','0000-00-00 00:00:00','','1'),('515377f3c87787c','','nuform',NULL,'0','1',10,'','codetabs',1100,120,'Custom Code',' ','html','0','0',200,70,'l','0','0','','0',NULL,NULL,NULL,'','',NULL,NULL,'','','','','','<div style=\"position:absolute;left:40px;width:800px;\">\n  <span id=\'nuCode_before_browse\' style=\"background-color:grey;color:#124E72;padding:2px;;border-top-right-radius:5px;border-top-left-radius:5px;margin: 0px 0px 3px 0px\" onclick=\'nuShowCode(this)\' class=\'nuGradient\'> Before Browse </span>\n  <span id=\'nuCode_after_browse\'  style=\"background-color:grey;color:#124E72;padding:2px;;border-top-right-radius:5px;border-top-left-radius:5px;\" onclick=\'nuShowCode(this)\' class=\'nuGradient\'> After Browse </span>\n  <span id=\'nuCode_before_open\'   style=\"background-color:grey;color:#124E72;padding:2px;;border-top-right-radius:5px;border-top-left-radius:5px;\" onclick=\'nuShowCode(this)\' class=\'nuGradient\'> Before Open </span>\n  <span id=\'nuCode_before_save\'   style=\"background-color:grey;color:#124E72;padding:2px;;border-top-right-radius:5px;border-top-left-radius:5px;\" onclick=\'nuShowCode(this)\' class=\'nuGradient\'> Before Save </span>\n  <span id=\'nuCode_after_save\'    style=\"background-color:grey;color:#124E72;padding:2px;;border-top-right-radius:5px;border-top-left-radius:5px;\" onclick=\'nuShowCode(this)\' class=\'nuGradient\'> After Save </span>\n  <span id=\'nuCode_after_delete\'  style=\"background-color:grey;color:#124E72;padding:2px;;border-top-right-radius:5px;border-top-left-radius:5px;\" onclick=\'nuShowCode(this)\' class=\'nuGradient\'> After Delete </span>\n  <span id=\'nuCode_javascript\'    style=\"background-color:grey;color:#124E72;padding:2px;;border-top-right-radius:5px;border-top-left-radius:5px;\" onclick=\'nuShowCode(this)\' class=\'nuGradient\'> Javascript </span>\n</div>\n','','','','',NULL,'',NULL,'','','','','',0,'1','1','','','','','','','','',0,0,'0000-00-00 00:00:00','','0000-00-00 00:00:00','','2014-01-09 17:09:33','globeadmin','1'),('515e599c390d2a5','','nuform',NULL,'0','1',10,'','sfo_width',100,10,'General','Width','text','0','0',50,0,'r','','0','','',NULL,NULL,NULL,'','',NULL,NULL,'','','','','','','','','','',NULL,'',NULL,'','','','','',0,'1','1','','','','','','',NULL,'',0,0,'0000-00-00 00:00:00','','0000-00-00 00:00:00','','2014-01-09 17:09:30','globeadmin','1'),('515e59ae459628c','','nuform',NULL,'0','1',10,'','sfo_height',100,10,'General','Height','text','0','0',50,0,'r','','0','','',NULL,NULL,NULL,'','',NULL,NULL,'','','','','','','','','','',NULL,'',NULL,'','','','','',0,'1','1','','','','','','',NULL,'',0,0,'0000-00-00 00:00:00','','0000-00-00 00:00:00','','2014-01-09 17:09:30','globeadmin','1'),('516340b344b54b4','','nuobject',NULL,'0','1',20,'','sob_all_default_value_sql',30,10,'All','Default Value','textarea','0','0',300,100,'','','0','','',NULL,NULL,NULL,'','',NULL,NULL,'','','','','','','','','','',NULL,'',NULL,'','','','','',0,'1','1','','','','','','',NULL,'',0,0,'0000-00-00 00:00:00','','0000-00-00 00:00:00','','2013-12-18 12:04:58','globeadmin','1'),('51636e4728362e8','','nuobject',NULL,'','0',10,'','object_subform',10,120,'Subform','Objects','subform','226','30',950,150,'','','0','','',NULL,NULL,NULL,'','',NULL,NULL,'','','','','','','','','','',NULL,'',NULL,'','','','','',21,'1','1','sob_zzzsys_form_id','zzzsys_object_id','SELECT * FROM zzzsys_object WHERE sob_zzzsys_form_id = \'#RECORD_ID#\' \nORDER BY \nsob_all_tab_number, \nsob_all_column_number, \nsob_all_order_number','zzzsys_object','','',NULL,'g',0,0,'0000-00-00 00:00:00','','0000-00-00 00:00:00','','2013-12-18 12:05:00','globeadmin','1'),('51636f427d270a5','','51636e4728362e8',NULL,'','1',10,'','sob_all_name',30,20,'Subform','Name','text','0','0',230,0,'','','0','','',NULL,NULL,NULL,'','',NULL,NULL,'','','','','','','','','','',NULL,'',NULL,'','','','','',0,'1','1','','','1','','','',NULL,'',0,0,'0000-00-00 00:00:00','','0000-00-00 00:00:00','','0000-00-00 00:00:00','','1'),('51636f63f416664','','51636e4728362e8',NULL,'','1',10,'','sob_all_title',35,20,'Subform','Title','text','0','0',230,0,'','','0','','',NULL,NULL,NULL,'','',NULL,NULL,'','','','','','','','','','',NULL,'',NULL,'','','','','',0,'1','1','','','1','','','',NULL,'',0,0,'0000-00-00 00:00:00','','0000-00-00 00:00:00','','0000-00-00 00:00:00','','1'),('51636f9b34802ec','','51636e4728362e8',NULL,'','1',10,'','sob_all_tab_title',60,20,'Subform','Tab Title','text','0','0',170,0,'','','0','','',NULL,NULL,NULL,'','',NULL,NULL,'','','','','','','','','','',NULL,'',NULL,'','','','','',0,'1','1','','','','','','',NULL,'',0,0,'0000-00-00 00:00:00','','0000-00-00 00:00:00','','0000-00-00 00:00:00','','1'),('51636fb70e91bd7','','51636e4728362e8',NULL,'','1',10,'','sob_all_tab_number',70,20,'Subform','Tab','text','0','0',30,0,'r','','0','','',NULL,NULL,NULL,'','',NULL,NULL,'','','','','','','','','','',NULL,'',NULL,'','','','','',0,'1','1','','','','','0','',NULL,'',0,0,'0000-00-00 00:00:00','','0000-00-00 00:00:00','','0000-00-00 00:00:00','','1'),('51636fd0b0bc8a4','','51636e4728362e8',NULL,'','1',10,'','sob_all_column_number',80,20,'Subform','Col','text','0','0',50,0,'r','','0','','',NULL,NULL,NULL,'','',NULL,NULL,'','','','','','','','','','',NULL,'',NULL,'','','','','',0,'1','1','','','','','0','',NULL,'',0,0,'0000-00-00 00:00:00','','0000-00-00 00:00:00','','0000-00-00 00:00:00','','1'),('51636fdee304f88','','51636e4728362e8',NULL,'','1',10,'','sob_all_order_number',90,20,'Subform','Ord','text','0','0',50,0,'r','','0','','',NULL,NULL,NULL,'','',NULL,NULL,'','','','','','','','','','',NULL,'',NULL,'','','','','',0,'1','1','','','','','0','',NULL,'',0,0,'0000-00-00 00:00:00','','0000-00-00 00:00:00','','0000-00-00 00:00:00','','1'),('51636ffdcf6c6eb','','51636e4728362e8',NULL,'','1',10,'','sob_all_top',100,20,'Subform','Top','text','0','0',50,0,'r','','0','','',NULL,NULL,NULL,'','',NULL,NULL,'','','','','','','','','','',NULL,'',NULL,'','','','','',0,'1','1','','','','','0','',NULL,'',0,0,'0000-00-00 00:00:00','','0000-00-00 00:00:00','','0000-00-00 00:00:00','','1'),('516370102c486a1','','51636e4728362e8',NULL,'','1',10,'','sob_all_left',110,20,'Subform','Left','text','0','0',50,0,'r','','0','','',NULL,NULL,NULL,'','',NULL,NULL,'','','','','','','','','','',NULL,'',NULL,'','','','','',0,'1','1','','','','','0','',NULL,'',0,0,'0000-00-00 00:00:00','','0000-00-00 00:00:00','','0000-00-00 00:00:00','','1'),('516382387e5048d','','nuobject',NULL,'0','1',20,'','bldtbl',780,120,'Subform','Build Table From Above Objects','button','410','400',200,30,'l','0','0','','0',NULL,NULL,NULL,'','',NULL,NULL,'','','','','g|Grid|f|Form','','','','','',NULL,'',NULL,'','','','','',0,'1','1','','','','','','',NULL,'',0,0,'0000-00-00 00:00:00','','2013-09-19 13:26:52','globeadmin','2013-12-18 12:05:01','globeadmin','1'),('51649719abe923a','','nuform',NULL,'','0',10,'','bldtblbtn',10,200,'Reorder Form Objects','Build Table From Above Objects','button','390','386',200,30,'','','0','','',NULL,NULL,NULL,'','',NULL,NULL,'','','','','','','','','','',NULL,'',NULL,'','','','','',21,'1','1','sob_zzzsys_form_id','zzzsys_object_id','SELECT * FROM zzzsys_object WHERE sob_zzzsys_form_id = \'#RECORD_ID#\' \nORDER BY \nsob_all_tab_number, \nsob_all_column_number, \nsob_all_order_number','zzzsys_object','','',NULL,'g',0,0,'0000-00-00 00:00:00','','2013-09-19 13:25:32','globeadmin','2014-01-09 17:09:33','globeadmin','1'),('5164afcc4510338','','5164af4c18a8db5',NULL,'0','1',10,'','slp_code',10,10,'Details','Code','text','','',150,0,'l','1','0','','1',NULL,NULL,NULL,'','',NULL,NULL,'','','','','','','','','','',NULL,'',NULL,'','','','','',0,'1','1','','','','','','',NULL,'',0,0,'0000-00-00 00:00:00','','0000-00-00 00:00:00','','2013-11-08 11:19:18','globeadmin','1'),('5164b02e24345c9','','nuindex',NULL,'0','1',20,'','phpbtn',10,500,'Setup','PHP Code','button','0','0',120,30,'l','0','0','','0',NULL,NULL,NULL,'','5164af4c18a8db5',NULL,NULL,'','','','','','','','','','',NULL,'',NULL,'','','','','',0,'1','1','','','','','','',NULL,'',0,0,'0000-00-00 00:00:00','','0000-00-00 00:00:00','','0000-00-00 00:00:00','','1'),('5164b083b1b6c36','','5164af4c18a8db5',NULL,'0','1',10,'','slp_description',20,10,'Details','Description','text','','',250,0,'l','1','0','','1',NULL,NULL,NULL,'','',NULL,NULL,'','','','','','','','','','',NULL,'',NULL,'','','','','',0,'1','1','','','','','','',NULL,'',0,0,'0000-00-00 00:00:00','','0000-00-00 00:00:00','','2013-11-08 11:19:18','globeadmin','1'),('5164b0b68f0ede3','','5164af4c18a8db5',NULL,'0','1',10,'','slp_group',30,10,'Details','Group','text','','',200,0,'l','1','0','','0',NULL,NULL,NULL,'','',NULL,NULL,'','','','','','','','','','',NULL,'',NULL,'','','','','',0,'1','1','','','','','','',NULL,'',0,0,'0000-00-00 00:00:00','','0000-00-00 00:00:00','','2013-11-08 11:19:19','globeadmin','1'),('5164b0fcc6e8515','','5164af4c18a8db5',NULL,'0','1',10,'','slp_php',40,20,'PHP Code','PHP','textarea','','',900,400,'l','1','0','','0',NULL,NULL,NULL,'','',NULL,NULL,'','','','','','','','','','',NULL,'',NULL,'','','','','',0,'1','1','','','','','','',NULL,'',0,0,'0000-00-00 00:00:00','','0000-00-00 00:00:00','','2013-11-08 11:19:19','globeadmin','1'),('5164b8ac0b51901','','5164b84609c9fa8',NULL,'','0',10,'','sre_code',10,10,'Main','Code','text','','',150,0,'l','1','0','','1',NULL,NULL,NULL,'','',NULL,NULL,'','','','','','','','','','',NULL,'',NULL,'','','','','',0,'1','1','','','','','','',NULL,'',0,0,'0000-00-00 00:00:00','','0000-00-00 00:00:00','','2014-01-10 14:06:32','globeadmin','1'),('5164b8cee0f2dbc','','5164b84609c9fa8',NULL,'','0',10,'','sre_description',20,10,'Main','Description','text','','',250,0,'l','1','0','','1',NULL,NULL,NULL,'','',NULL,NULL,'','','','','','','','','','',NULL,'',NULL,'','','','','',0,'1','1','','','','','','',NULL,'',0,0,'0000-00-00 00:00:00','','0000-00-00 00:00:00','','2014-01-10 14:06:32','globeadmin','1'),('5164b96d5905c71','','nuobject',NULL,'','0',10,'','sob_iframe_zzzsys_php_id',10,210,'iFrame','PHP to Run','lookup','','',100,0,'l','0','0','','0',NULL,NULL,NULL,'','',NULL,NULL,'','','','','','','','','','slp_code',NULL,'slp_description',NULL,'5164af4c18a8db5','zzzsys_php_id','','','',0,'1','1','','','','','','',NULL,'',100,250,'0000-00-00 00:00:00','','2013-10-25 09:31:02','globeadmin','2013-12-18 12:05:02','globeadmin','1'),('5164b96d5905c7f','','5164b84609c9fa8',NULL,'','0',10,'','sre_zzzsys_php_id',40,10,'Main','PHP Used To Create #TABLE_ID#','lookup','','',100,0,'l','1','0','','0',NULL,NULL,NULL,'','',NULL,NULL,'','','','','','','','','','slp_code',NULL,'slp_description',NULL,'5164af4c18a8db5','zzzsys_php_id','','','',0,'1','1','','','','','','',NULL,'',100,250,'0000-00-00 00:00:00','','0000-00-00 00:00:00','','2014-01-10 14:06:32','globeadmin','1'),('5164b9c2f01a215','','nuindex',NULL,'0','1',20,'','repgtn',30,500,'Setup','Reports','button','0','0',120,30,'l','0','0','','0',NULL,NULL,NULL,'','5164b84609c9fa8',NULL,NULL,'','','','','','','','','','',NULL,'',NULL,'','','','','',0,'1','1','','','','','','',NULL,'',0,0,'0000-00-00 00:00:00','','2013-09-19 12:14:38','globeadmin','2013-09-19 12:14:38','globeadmin','1'),('5164decb1b8a612','','5164b84609c9fa8',NULL,'','0',10,'','sre_group',30,10,'Main','Group','text','','',200,0,'l','0','0','','0',NULL,NULL,NULL,'','',NULL,NULL,'','','','','','','','','','',NULL,'',NULL,'','','','','',0,'1','1','','','','','','',NULL,'',0,0,'0000-00-00 00:00:00','','0000-00-00 00:00:00','','2014-01-10 14:06:32','globeadmin','1'),('5164e46713a6765','','5164b84609c9fa8',NULL,'0','1',10,'','sre_zzzsys_form_id',50,10,'Main','Criteria Form','lookup','0','0',300,100,'l','0','0','','0',NULL,NULL,NULL,'','',NULL,NULL,'','','','','SELECT * FROM zzzsys_form ORDER BY sfo_name','','','','','sfo_name',NULL,'sfo_title',NULL,'nuform','zzzsys_form_id','','','',0,'1','1','','','','','','',NULL,'',100,250,'0000-00-00 00:00:00','','2013-11-01 13:18:26','globeadmin','2014-01-10 14:06:33','globeadmin','1'),('5164e7d44a71374','','5164af4c18a8db5',NULL,'0','1',10,'','slp_zzzsys_form_id',40,10,'Details','Criteria Form','lookup','0','0',300,100,'l','0','0','','0',NULL,NULL,NULL,'','',NULL,NULL,'','','','','SELECT * FROM zzzsys_form ORDER BY sfo_name','','','','','sfo_name',NULL,'sfo_title',NULL,'nuform','zzzsys_form_id','','','',0,'1','1','','','','','','',NULL,'',100,250,'0000-00-00 00:00:00','','0000-00-00 00:00:00','','2013-11-19 09:16:47','globeadmin','1'),('5165e6dbc6b9514','','14feb8e8026465',NULL,'0','1',10,'','slf_print_button',70,10,'Main','Remove Print Btn.','dropdown','0','0',70,100,'','','0','','',NULL,NULL,NULL,'','',NULL,NULL,'','','','','1|Yes|0|No','','','','','sfo_name',NULL,'sfo_title',NULL,'','zzzsys_form_id','','','',0,'1','1','','','','','','',NULL,'',240,240,'0000-00-00 00:00:00','','0000-00-00 00:00:00','','2013-12-09 17:07:25','globeadmin','1'),('51678f239d70019','','5164b84609c9fa8',NULL,NULL,'1',10,'','repbld',60,10,'Main','Report Builder','button','0','0',120,30,'l','0','0','','0',NULL,NULL,NULL,'','',NULL,NULL,'','','','','SELECT * FROM zzzsys_form ORDER BY sfo_name','','','','','sfo_name',NULL,'sfo_title',NULL,'nuform','zzzsys_form_id','','','',0,'1','1','','','','','','',NULL,'',100,250,'0000-00-00 00:00:00','','0000-00-00 00:00:00','','2014-01-10 14:06:33','globeadmin','1'),('5186d40c2a32069','','nuform',NULL,NULL,'1',10,'','sfo_breadcrumb',100,10,'General','Breadcrumb Title','textarea','0','0',300,100,'l','0','0','','0',NULL,NULL,NULL,'','',NULL,NULL,'','','','','','','','','','',NULL,'',NULL,'','','','','',0,'1','1','','','','','','',NULL,'',0,0,'0000-00-00 00:00:00','','0000-00-00 00:00:00','','2014-01-09 17:09:30','globeadmin','1'),('51b7a12f0ad36a3','','14592006d24488',NULL,NULL,'1',10,'','reportAccess',10,50,'Reports',' ','subform','30','230',450,380,'l','0','0','','0',NULL,NULL,NULL,'','',NULL,NULL,'','','','','','','','','','sre_code',NULL,'sre_description',NULL,'5164b84609c9fa8','zzzsys_report_id','','','',22,'1','1','slr_zzzsys_access_level_id','zzzsys_access_level_report_id','SELECT * FROM zzzsys_access_level_report \nWHERE slr_zzzsys_access_level_id = \'#RECORD_ID#\' ','zzzsys_access_level_report','','',NULL,'g',100,250,'0000-00-00 00:00:00','','0000-00-00 00:00:00','','2014-01-10 09:34:21','globeadmin','1'),('51b7c95778fcb78','','51b7a12f0ad36a3',NULL,NULL,'1',10,'','slr_zzzsys_report_id',10,10,'Main','Reports Allowed Access','lookup','0','0',250,0,'l','1','0','','0',NULL,NULL,NULL,'','',NULL,NULL,'','','','','','','','','','sre_code',NULL,'sre_description',NULL,'5164b84609c9fa8','zzzsys_report_id','','','1',0,'1','1','','','','','','',NULL,'',100,250,'0000-00-00 00:00:00','','0000-00-00 00:00:00','','2013-12-09 17:08:02','globeadmin','1'),('51b7cf41d9f2c57','','14592006d24488',NULL,NULL,'1',10,'','phpAccess',10,60,'PHP',' ','subform','30','230',450,380,'l','0','0','','0',NULL,NULL,NULL,'','',NULL,NULL,'','','','','','','','','','sre_code',NULL,'sre_description',NULL,'5164b84609c9fa8','zzzsys_report_id','','','',22,'1','1','slp_zzzsys_access_level_id','zzzsys_access_level_php_id','SELECT * FROM zzzsys_access_level_php\nWHERE slp_zzzsys_access_level_id = \'#RECORD_ID#\' ','zzzsys_access_level_php','','',NULL,'g',100,250,'0000-00-00 00:00:00','','2013-10-21 09:45:45','globeadmin','2014-01-10 09:34:21','globeadmin','1'),('51b7cfe62d9d754','','51b7cf41d9f2c57',NULL,NULL,'1',10,'','slp_zzzsys_php_id',10,10,'Main','PHP Allowed Access','lookup','0','0',250,0,'l','1','0','','0',NULL,NULL,NULL,'','',NULL,NULL,'','','','','','','','','','slp_code',NULL,'slp_description',NULL,'5164af4c18a8db5','zzzsys_php_id','','','1',0,'1','1','','','','','','',NULL,'',100,250,'0000-00-00 00:00:00','','0000-00-00 00:00:00','','2013-11-18 11:16:05','globeadmin','1'),('51c3cabde7cd234','','5164b84609c9fa8',NULL,NULL,'1',10,'','sre_layout',70,10,'Main','Lay Out','textarea','0','0',300,100,'l','0','0','','0',NULL,NULL,NULL,'','',NULL,NULL,'','','','','SELECT * FROM zzzsys_form ORDER BY sfo_name','','','','','sfo_name',NULL,'sfo_title',NULL,'nuform','zzzsys_form_id','','','',0,'1','1','','','','','','',NULL,'',100,250,'0000-00-00 00:00:00','','0000-00-00 00:00:00','','2014-01-10 14:06:33','globeadmin','1'),('51d630727eb5bcc','','1459354088b09d',NULL,NULL,'1',10,'','nuretyped',35,10,'Details','Retype New Password','text','0','0',150,0,'l','0','0','','0',NULL,NULL,NULL,'','',NULL,NULL,'','','','','','','','','','',NULL,'',NULL,'','','','','',0,'1','1','','','','','','password',NULL,'',0,0,'0000-00-00 00:00:00','','0000-00-00 00:00:00','','0000-00-00 00:00:00','','1'),('51d9e82510ead25','','1459354088b09d',NULL,NULL,'1',10,'SELECT \'0\'','sus_login_password',37,10,'Details','Encrypted Password','text','0','0',150,0,'l','0','1','','0',NULL,NULL,NULL,'','',NULL,NULL,'','','','','','','','','','',NULL,'',NULL,'','','','','',0,'1','1','','','','','','password',NULL,'',0,0,'0000-00-00 00:00:00','','0000-00-00 00:00:00','','0000-00-00 00:00:00','','1'),('51db33e43a91032','','nusetup',NULL,NULL,'1',10,'','set_css',20,30,'Header','HTML','textarea','0','0',800,400,'l','0','0','','0',NULL,NULL,NULL,'','',NULL,NULL,'','','','','1|Yes|0|No','','','','','',NULL,'',NULL,'','','','','',0,'1','1','','','','','','',NULL,'',0,0,'0000-00-00 00:00:00','','2013-10-31 14:33:11','globeadmin','2013-11-18 16:30:48','globeadmin','1'),('51db531fcba6bba','','nuindex',NULL,NULL,'1',5,'','htm',100,500,'Setup',' ','words','0','0',100,30,'l','0','0','','0',NULL,NULL,NULL,'','14592006d24488',NULL,NULL,'','','','','','<div style=\'width:1px\'></div>','','','','',NULL,'',NULL,'','','','','',0,'1','1','','','','','','',NULL,'',0,0,'0000-00-00 00:00:00','','0000-00-00 00:00:00','','0000-00-00 00:00:00','','1'),('51db53fedde9bc6','','nuindex',NULL,NULL,'1',40,'','htm1',100,500,'Setup',' ','words','0','0',100,30,'l','0','0','','0',NULL,NULL,NULL,'','14592006d24488',NULL,NULL,'','','','','','<div style=\'width:1px\'></div>','','','','',NULL,'',NULL,'','','','','',0,'1','1','','','','','','',NULL,'',0,0,'0000-00-00 00:00:00','','0000-00-00 00:00:00','','0000-00-00 00:00:00','','1'),('51dcdd13ed27243','','nuindex',NULL,NULL,'1',5,'','htm',100,500,'Setup',' ','html','0','0',120,0,'l','0','0','','0',NULL,NULL,NULL,'','',NULL,NULL,'','','','','',' ','','','','',NULL,'',NULL,'','','','','',0,'1','1','','','','','','',NULL,'',0,0,'0000-00-00 00:00:00','','0000-00-00 00:00:00','','0000-00-00 00:00:00','','1'),('5202eafc2df64bf','','1472e8ca60dec1',NULL,NULL,'1',10,'','words1filescreen',1,10,'Main','<b>File</b>','words','20','40',250,0,'l','0','0','','0',NULL,NULL,NULL,'','',NULL,NULL,'','','','','','','','','','',NULL,'',NULL,'','','','','',0,'1','1','','','','','','',NULL,'',0,0,'0000-00-00 00:00:00','','2013-12-30 13:35:22','globeadmin','2014-01-17 13:36:18','globeadmin','1'),('5202eff7ae7707a','','1472e8ca60dec1',NULL,NULL,'1',20,'','sfi_type',30,10,'Main','Type','text','234','86',250,0,'l','0','1','','0',NULL,NULL,NULL,'','',NULL,NULL,'','','','','','','','','','',NULL,'',NULL,'','','','','',0,'1','1','','','','','','',NULL,'',0,0,'0000-00-00 00:00:00','','2013-10-25 12:48:03','globeadmin','2014-01-17 13:36:19','globeadmin','1'),('5202f0403f43ddb','','1472e8ca60dec1',NULL,NULL,'1',20,'','sfi_size',40,10,'Main','Size','text','285','88',50,0,'l','0','1','','0',NULL,NULL,NULL,'','',NULL,NULL,'','','','','','','','','','',NULL,'',NULL,'','','','','',0,'1','1','','','','','','',NULL,'',0,0,'0000-00-00 00:00:00','','2013-10-25 12:48:47','globeadmin','2014-01-17 13:36:19','globeadmin','1'),('5202f0736f69f75','','1472e8ca60dec1',NULL,NULL,'1',20,'','sfi_name',40,10,'Main','Name','text','260','80',250,0,'l','0','1','','0',NULL,NULL,NULL,'','',NULL,NULL,'','','','','','','','','','',NULL,'',NULL,'','','','','',0,'1','1','','','','','','',NULL,'',0,0,'0000-00-00 00:00:00','','2013-10-25 12:49:35','globeadmin','2014-01-17 13:36:19','globeadmin','1'),('5202f0d5809fafc','','1472e8ca60dec1',NULL,NULL,'1',20,'','words3filescreen',25,10,'Main','<b>Image</b>','words','20','570',250,0,'l','0','0','','0',NULL,NULL,NULL,'','',NULL,NULL,'','','','','','','','','','',NULL,'',NULL,'','','','','',0,'1','1','','','','','','',NULL,'',0,0,'0000-00-00 00:00:00','','2013-12-30 13:45:21','globeadmin','2014-01-17 13:36:19','globeadmin','1'),('520421ea5f5cfc9','','1472e8ca60dec1',NULL,NULL,'1',10,'SELECT \'#sfi_size#\' != \'\'','display_image_clip',55,10,'Main','Example','html','310','62',300,30,'l','0','1','','0',NULL,NULL,NULL,'','',NULL,NULL,'','','','','','<divid=\"display_image_clip_div\" style=\"width: 30px; height:300px;\">\n\n\n<textarea id=\"display_image_clip_textarea\" class=\"nuReadOnly\" style=\"padding:15px;\" rows=\"2\" cols=\"45\">\n&lt;img id=\'img_#sfi_code#_id\' src=\'nufileget.php?i=#sfi_code#\'/&gt; \n</textarea>\n<br>\n</div>\n\n','','','','',NULL,'',NULL,'','','','','',0,'1','1','','','','','','',NULL,'',0,0,'0000-00-00 00:00:00','','0000-00-00 00:00:00','','2014-01-17 13:36:18','globeadmin','1'),('521aa44b5653b9d','','521aa180c060e7e',NULL,NULL,'0',10,NULL,'deb_message',10,10,'Debug','Message','textarea',NULL,NULL,700,400,'l','0','0','','0',NULL,NULL,NULL,NULL,NULL,NULL,NULL,NULL,'','',NULL,NULL,NULL,'','',NULL,NULL,NULL,NULL,NULL,NULL,NULL,NULL,'',NULL,NULL,NULL,'',NULL,NULL,NULL,NULL,NULL,'',NULL,'',0,0,'0000-00-00 00:00:00','','2013-10-25 14:22:36','globeadmin','2014-01-10 13:05:23','globeadmin',NULL),('521accb821bfb3f','','1459354088b09d',NULL,NULL,'1',10,'','sus_email',15,10,'Details','Email','text','0','0',200,0,'','','0','','',NULL,NULL,NULL,'','',NULL,NULL,'','','','','','','','','','',NULL,'',NULL,'','','','','',0,'1','1','','','','','','',NULL,'',0,0,'0000-00-00 00:00:00','','0000-00-00 00:00:00','','0000-00-00 00:00:00','','1'),('521acce93ab0d13','','1459354088b09d',NULL,NULL,'1',10,'','html1_user',16,10,'Details','','html','0','0',200,0,'','','0','','',NULL,NULL,NULL,'','',NULL,NULL,'','','','','','<br>','','','','',NULL,'',NULL,'','','','','',0,'1','1','','','','','','',NULL,'',0,0,'0000-00-00 00:00:00','','0000-00-00 00:00:00','','0000-00-00 00:00:00','','1'),('522025e88174a00','','5164b84609c9fa8',NULL,NULL,'1',10,'','viewreport',1000,10,'Main','View','button','90','700',50,30,'l','0','0','','0',NULL,NULL,NULL,'','',NULL,NULL,'','','','','SELECT * FROM zzzsys_form ORDER BY sfo_name','','','','','sfo_name',NULL,'sfo_title',NULL,'nuform','zzzsys_form_id','','','',0,'1','1','','','','','','',NULL,'',100,250,'0000-00-00 00:00:00','','0000-00-00 00:00:00','','2014-01-10 14:06:33','globeadmin',NULL),('524a51edb1281a4','','nusetup',NULL,NULL,'1',10,'','set_fonts',300,10,'Setup','Custom Fonts','textarea','0','0',150,200,'l','0','0','','0',NULL,NULL,NULL,'','',NULL,NULL,'','','','','1|Yes|0|No','','','','','',NULL,'',NULL,'','','','','',0,'1','1','','','','','','',NULL,'',0,0,'2013-10-01 14:09:09','globeadmin','2013-10-01 14:09:23','globeadmin','2013-11-18 16:30:46','globeadmin','1'),('525b1a7d7714972','','nuobject',NULL,NULL,'1',20,'','sob_lookup_javascript',550,100,'Lookup','Javascript','textarea','0','0',400,100,'l','0','0','','0',NULL,NULL,NULL,'','',NULL,NULL,'','','','','','','','','','',NULL,'',NULL,'','',NULL,'','',0,'1','1','','','','','','',NULL,'',0,0,'2013-10-14 08:41:09','globeadmin','2013-10-14 08:41:41','globeadmin','2013-12-18 12:04:59','globeadmin',NULL),('5269a983bdb5bdf','','nuobject',NULL,NULL,'0',10,'','sob_iframe_zzzsys_report_id',30,210,'iFrame','Report to Run','lookup','','',100,0,'l','0','0','','0',NULL,NULL,NULL,'','',NULL,NULL,'','','','','','','','','','sre_code',NULL,'sre_description',NULL,'5269ae8512ebfd3','zzzsys_report_id','','','',0,'1','1','','','','','','',NULL,'',100,250,'2013-10-25 09:43:07','globeadmin','2013-10-25 09:44:44','globeadmin','2013-12-18 12:05:02','globeadmin',NULL),('5269aa0e6195a30','','nuobject',NULL,NULL,'0',10,'','oridword',20,210,'iFrame','OR..','words','','',100,0,'l','0','0','','0',NULL,NULL,NULL,'','',NULL,NULL,'','','','','','','51da4dedb0b4171','522faef3a9b5178','','slp_code',NULL,'slp_description',NULL,'5164af4c18a8db5','zzzsys_php_id','','','',0,'1','1','','','','','','',NULL,'',100,250,'2013-10-25 09:45:26','globeadmin','2013-10-25 09:45:54','globeadmin','2013-12-18 12:05:02','globeadmin',NULL),('5269b7d216b8fdd','','1472e8ca60dec1',NULL,NULL,'1',20,'SELECT 0','sfi_filepicker',80,10,'Main','','text','0','0',220,30,'l','0','0','','0',NULL,NULL,NULL,'','',NULL,NULL,'','','','','','\n','','','','',NULL,'',NULL,'','','','','',0,'1','1','','','','','','',NULL,'',0,0,'2013-10-25 10:44:10','globeadmin','2013-10-25 13:42:08','globeadmin','2014-01-17 13:36:19','globeadmin','1'),('5269ec17618f6cb','','521aa180c060e7e',NULL,NULL,'0',10,'','deb_delete',20,10,'Debug','Delete records older than','dropdown','','',100,0,'l','0','0','','0',NULL,NULL,NULL,'','',NULL,NULL,'','','','','360|A Minute|21600|An Hour|108000|5 Hours','','','','','',NULL,'',NULL,'','','','','',0,'','','','','','','','',NULL,'',0,0,'2013-10-25 14:27:11','globeadmin','2013-10-25 14:28:12','globeadmin','2014-01-10 13:07:25','globeadmin',NULL),('5271d71fedb50d1','','nusetup',NULL,NULL,'1',10,'','set_inkfilepicker_key',20,40,'Keys','Key','text','0','0',220,30,'l','0','0','','0',NULL,NULL,NULL,'','',NULL,NULL,'','','','','','','','','','',NULL,'',NULL,'','','','','',0,'1','1','','','','','','',NULL,'',0,0,'2013-10-31 14:35:52','globeadmin','2013-10-31 14:53:03','globeadmin','2013-11-18 16:30:48','globeadmin','1'),('5271d7cf27280cc','','nusetup',NULL,NULL,'1',10,'','_inkfilepicker_word',10,40,'Keys','<b>https://www.inkfilepicker.com<b>','words','0','0',120,30,'l','0','0','','0',NULL,NULL,NULL,'','',NULL,NULL,'','','','','','','','','','',NULL,'',NULL,'','','','','',0,'1','1','','','','','','',NULL,'',0,0,'2013-10-31 14:38:47','globeadmin','2013-10-31 14:38:59','globeadmin','2013-11-18 16:30:48','globeadmin','1'),('52818c84074eb82','','nusetup',NULL,NULL,'1',10,'','set_timezone',145,10,'Setup','Timezone','dropdown','0','0',160,0,'r','1','0','','0',NULL,NULL,NULL,'','',NULL,NULL,'','','','','SELECT stz_timezone, stz_timezone FROM zzzsys_timezone','','','','','',NULL,'',NULL,'','','','','',0,'1','1','','','','','','',NULL,'',0,0,'2013-11-12 13:03:48','globeadmin','2013-11-12 14:44:47','globeadmin','2013-11-18 16:30:46','globeadmin',NULL),('528a92294b7032a','','5164af4c18a8db5',NULL,NULL,'1',10,'','slp_nonsecure',50,10,'Details','Allow Non Secure Access','dropdown','0','0',60,30,'l','1','0','','0',NULL,NULL,NULL,'','',NULL,NULL,'','','','','1|Yes|0|No','','','','','sfo_name',NULL,'sfo_title',NULL,'nuform','zzzsys_form_id','','','',0,'1','1','','','','','','',NULL,'',100,250,'2013-11-19 09:18:17','globeadmin','2013-11-19 09:50:41','globeadmin','2013-11-19 09:50:41','globeadmin',NULL),('52c0db485a17ec1','','1472e8ca60dec1',NULL,NULL,'1',20,'','nufile',70,10,'Main','Upload File','iframe','164','48',380,60,'l','0','0','','0',NULL,NULL,NULL,'',NULL,NULL,NULL,'','','','','','','52c0da99b95c264','','','',NULL,'',NULL,NULL,'','','','',0,'','','','','','','','',NULL,'',0,0,'2013-12-30 13:32:40','globeadmin','2013-12-30 13:32:40','globeadmin','2014-01-17 13:36:19','globeadmin',NULL),('52c0df33aad29a8','','1472e8ca60dec1',NULL,NULL,'1',20,'SELECT \'0\'','sfi_tmp_name',40,10,'Main','Name','text','250','45',350,0,'l','0','1','','0',NULL,NULL,NULL,'',NULL,NULL,NULL,'','','','','','','','','','',NULL,'',NULL,NULL,'','','','',0,'','','','','','','','',NULL,'',0,0,'2013-12-30 13:49:23','globeadmin','2014-01-17 09:43:24','globeadmin','2014-01-17 13:36:19','globeadmin',NULL),('decafc0ffee001','','nuform','','0','1',20,'','sfo_print_button',110,20,'Action Buttons','Print Button','dropdown','0','0',70,100,'','','0','','',NULL,NULL,0,'','',NULL,NULL,'','','','','1|Yes|0|No','','','','','','','','','','','','','',0,'1','1','','','','','','','','',0,0,'0000-00-00 00:00:00','','0000-00-00 00:00:00','','2014-01-09 17:09:32','globeadmin','1'),('decafc0ffee002','','nuform','','0','1',20,'','sfo_print_title',115,20,'Action Buttons','Title','text','0','0',200,0,'','','0','','',NULL,NULL,0,'','',NULL,NULL,'','','','','','','','','','','','','','','','','','',0,'1','1','','','','','','','','',0,0,'0000-00-00 00:00:00','','0000-00-00 00:00:00','','2014-01-09 17:09:32','globeadmin','1'),('decafc0ffee003','','nuform','','0','1',20,'','sfo_print_button_display_condition',120,20,'Action Buttons','Display Condition','textarea','0','0',300,70,'','','0','','',NULL,NULL,0,'','',NULL,NULL,'','','','','','','','','','','','','','','','','','',0,'1','1','','','','','','','','',0,0,'0000-00-00 00:00:00','','0000-00-00 00:00:00','','2014-01-09 17:09:32','globeadmin','1'),('SMTPAUTH100001','','nusetup','','0','1',10,'','smtp_w',10,20,'Email Settings','<b>Authenticated SMTP settings</b>','words','0','0',120,0,'l','0','0','','0',NULL,NULL,0,'','',NULL,NULL,'','','','','1|Yes|0|No','','','','','','','',NULL,'','','','','',0,'1','1','','','','','','','','',0,0,'0000-00-00 00:00:00','','0000-00-00 00:00:00','','2013-11-18 16:30:47','globeadmin','1'),('SMTPAUTH100002','','nusetup','','0','1',10,'','set_smtp_username',20,20,'Email Settings','Auth SMTP username','text','0','0',200,0,'l','0','0','','0',NULL,NULL,0,'','',NULL,NULL,'','','','','1|Yes|0|No','','','','','','','',NULL,'','','','','',0,'1','1','','','','','','','','',0,0,'0000-00-00 00:00:00','','0000-00-00 00:00:00','','2013-11-18 16:30:47','globeadmin','1'),('SMTPAUTH100003','','nusetup','','0','1',10,'','set_smtp_password',30,20,'Email Settings','Auth SMTP password','text','0','0',200,0,'l','0','0','','0',NULL,NULL,0,'','',NULL,NULL,'','','','','1|Yes|0|No','','','','','','','',NULL,'','','','','',0,'1','1','','','','','','','1','',0,0,'0000-00-00 00:00:00','','0000-00-00 00:00:00','','2013-11-18 16:30:48','globeadmin','1'),('SMTPAUTH100004','','nusetup','','0','1',10,'','set_smtp_host',40,20,'Email Settings','Auth SMTP host','text','0','0',200,0,'l','0','0','','0',NULL,NULL,0,'','',NULL,NULL,'','','','','1|Yes|0|No','','','','','','','',NULL,'','','','','',0,'1','1','','','','','','','','',0,0,'0000-00-00 00:00:00','','0000-00-00 00:00:00','','2013-11-18 16:30:48','globeadmin','1'),('SMTPAUTH100005','','nusetup','','0','1',10,'','set_smtp_from_address',50,20,'Email Settings','Auth SMTP From Address','text','0','0',200,0,'l','0','0','','0',NULL,NULL,0,'','',NULL,NULL,'','','','','1|Yes|0|No','','','','','','','',NULL,'','','','','',0,'1','1','','','','','','','','',0,0,'0000-00-00 00:00:00','','0000-00-00 00:00:00','','2013-11-18 16:30:48','globeadmin','1'),('SMTPAUTH100006','','nusetup','','0','1',10,'','set_smtp_from_name',50,20,'Email Settings','Auth SMTP From Name','text','0','0',200,0,'l','0','0','','0',NULL,NULL,0,'','',NULL,NULL,'','','','','1|Yes|0|No','','','','','','','',NULL,'','','','','',0,'1','1','','','','','','','','',0,0,'0000-00-00 00:00:00','','0000-00-00 00:00:00','','2013-11-18 16:30:48','globeadmin','1'),('SMTPAUTH100007','','nusetup','','0','1',10,'','set_smtp_port',60,20,'Email Settings','Auth SMTP port','text','0','0',100,0,'','','0','','',NULL,NULL,0,'','',NULL,NULL,'','','','','1|Yes|0|No','','','','','','','',NULL,'','','','','',0,'1','1','','','','','','','','b',0,0,'0000-00-00 00:00:00','','0000-00-00 00:00:00','','2013-11-18 16:30:48','globeadmin','1'),('SMTPAUTH100008','','nusetup','','0','1',10,'','set_smtp_use_ssl',70,20,'Email Settings','Auth SMTP use SSL','dropdown','0','0',100,100,'','','0','','',NULL,NULL,0,'','',NULL,NULL,'','','','','1|Yes|0|No','','','','','','','',NULL,'','','','','',0,'1','1','','','','','','','','b',0,0,'0000-00-00 00:00:00','','0000-00-00 00:00:00','','2013-11-18 16:30:48','globeadmin','1');
/*!40000 ALTER TABLE `zzzsys_object` ENABLE KEYS */;
UNLOCK TABLES;

--
-- Table structure for table `zzzsys_php`
--

DROP TABLE IF EXISTS `zzzsys_php`;
/*!40101 SET @saved_cs_client     = @@character_set_client */;
/*!40101 SET character_set_client = utf8 */;
CREATE TABLE `zzzsys_php` (
  `zzzsys_php_id` varchar(25) NOT NULL DEFAULT '',
  `zzzsys_php_setup` varchar(1) NOT NULL,
  `slp_code` varchar(250) NOT NULL,
  `slp_description` varchar(250) NOT NULL,
  `slp_group` varchar(250) NOT NULL,
  `slp_php` text NOT NULL,
  `slp_zzzsys_form_id` varchar(25) NOT NULL,
  `slp_nonsecure` varchar(1) DEFAULT '0',
  `zzzsys_php_log_added_at` datetime NOT NULL,
  `zzzsys_php_log_added_by` varchar(25) NOT NULL,
  `zzzsys_php_log_changed_at` datetime NOT NULL,
  `zzzsys_php_log_changed_by` varchar(25) NOT NULL,
  `zzzsys_php_log_viewed_at` datetime NOT NULL,
  `zzzsys_php_log_viewed_by` varchar(25) NOT NULL,
  `zzzsys_php_nu_setup` varchar(1) DEFAULT NULL,
  PRIMARY KEY (`zzzsys_php_id`),
  KEY `sat_all_code` (`slp_code`),
  KEY `sat_all_description` (`slp_description`),
  KEY `slp_zzzsys_form_id` (`slp_zzzsys_form_id`)
) ENGINE=InnoDB DEFAULT CHARSET=utf8;
/*!40101 SET character_set_client = @saved_cs_client */;

--
-- Dumping data for table `zzzsys_php`
--

LOCK TABLES `zzzsys_php` WRITE;
/*!40000 ALTER TABLE `zzzsys_php` DISABLE KEYS */;
/*!40000 ALTER TABLE `zzzsys_php` ENABLE KEYS */;
UNLOCK TABLES;

--
-- Table structure for table `zzzsys_report`
--

DROP TABLE IF EXISTS `zzzsys_report`;
/*!40101 SET @saved_cs_client     = @@character_set_client */;
/*!40101 SET character_set_client = utf8 */;
CREATE TABLE `zzzsys_report` (
  `zzzsys_report_id` varchar(25) NOT NULL,
  `zzzsys_report_setup` varchar(1) NOT NULL,
  `sre_code` varchar(250) NOT NULL,
  `sre_description` varchar(250) NOT NULL,
  `sre_group` varchar(250) NOT NULL,
  `sre_zzzsys_php_id` varchar(25) NOT NULL,
  `sre_zzzsys_form_id` varchar(25) NOT NULL,
  `sre_layout` longtext NOT NULL,
  `zzzsys_report_log_added_at` datetime NOT NULL,
  `zzzsys_report_log_added_by` varchar(25) NOT NULL,
  `zzzsys_report_log_changed_at` datetime NOT NULL,
  `zzzsys_report_log_changed_by` varchar(25) NOT NULL,
  `zzzsys_report_log_viewed_at` datetime NOT NULL,
  `zzzsys_report_log_viewed_by` varchar(25) NOT NULL,
  `zzzsys_report_nu_setup` varchar(1) DEFAULT NULL,
  PRIMARY KEY (`zzzsys_report_id`),
  KEY `sre_zzzsys_php_id` (`sre_zzzsys_php_id`),
  KEY `sre_zzzsys_form_id` (`sre_zzzsys_form_id`),
  KEY `sre_code` (`sre_code`)
) ENGINE=InnoDB DEFAULT CHARSET=utf8;
/*!40101 SET character_set_client = @saved_cs_client */;

--
-- Dumping data for table `zzzsys_report`
--

LOCK TABLES `zzzsys_report` WRITE;
/*!40000 ALTER TABLE `zzzsys_report` DISABLE KEYS */;
/*!40000 ALTER TABLE `zzzsys_report` ENABLE KEYS */;
UNLOCK TABLES;

--
-- Table structure for table `zzzsys_session`
--

DROP TABLE IF EXISTS `zzzsys_session`;
/*!40101 SET @saved_cs_client     = @@character_set_client */;
/*!40101 SET character_set_client = utf8 */;
CREATE TABLE `zzzsys_session` (
  `zzzsys_session_id` varchar(25) NOT NULL DEFAULT '',
  `zzzsys_session_setup` varchar(1) NOT NULL,
  `sss_zzzsys_user_id` varchar(25) DEFAULT NULL,
  `sss_timeout` bigint(20) NOT NULL,
  `zzzsys_session_log_added_at` datetime NOT NULL,
  `zzzsys_session_log_added_by` varchar(25) NOT NULL,
  `zzzsys_session_log_changed_at` datetime NOT NULL,
  `zzzsys_session_log_changed_by` varchar(25) NOT NULL,
  `zzzsys_session_log_viewed_at` datetime NOT NULL,
  `zzzsys_session_log_viewed_by` varchar(25) NOT NULL,
  PRIMARY KEY (`zzzsys_session_id`)
) ENGINE=InnoDB DEFAULT CHARSET=utf8;
/*!40101 SET character_set_client = @saved_cs_client */;

--
-- Dumping data for table `zzzsys_session`
--

LOCK TABLES `zzzsys_session` WRITE;
/*!40000 ALTER TABLE `zzzsys_session` DISABLE KEYS */;
/*!40000 ALTER TABLE `zzzsys_session` ENABLE KEYS */;
UNLOCK TABLES;

--
-- Table structure for table `zzzsys_setup`
--

DROP TABLE IF EXISTS `zzzsys_setup`;
/*!40101 SET @saved_cs_client     = @@character_set_client */;
/*!40101 SET character_set_client = utf8 */;
CREATE TABLE `zzzsys_setup` (
  `zzzsys_setup_id` varchar(25) NOT NULL DEFAULT '',
  `zzzsys_setup_setup` varchar(1) NOT NULL,
  `set_title` varchar(100) DEFAULT NULL,
  `set_time_out_minutes` int(11) DEFAULT NULL,
  `set_timezone` varchar(255) DEFAULT NULL,
  `set_smtp_username` varchar(255) DEFAULT NULL,
  `set_smtp_password` varchar(255) DEFAULT NULL,
  `set_smtp_host` varchar(255) DEFAULT NULL,
  `set_smtp_from_address` varchar(255) DEFAULT NULL,
  `set_smtp_from_name` varchar(255) DEFAULT NULL,
  `set_smtp_port` int(4) DEFAULT NULL,
  `set_smtp_use_ssl` char(1) DEFAULT '1',
  `set_fonts` text NOT NULL,
  `set_language` varchar(20) NOT NULL,
  `set_css` longtext NOT NULL,
  `set_version` varchar(100) NOT NULL,
  `set_denied` longtext NOT NULL,
  `set_inkfilepicker_key` varchar(500) NOT NULL,
  `zzzsys_setup_log_added_at` datetime NOT NULL,
  `zzzsys_setup_log_added_by` varchar(25) NOT NULL,
  `zzzsys_setup_log_changed_at` datetime NOT NULL,
  `zzzsys_setup_log_changed_by` varchar(25) NOT NULL,
  `zzzsys_setup_log_viewed_at` datetime NOT NULL,
  `zzzsys_setup_log_viewed_by` varchar(25) NOT NULL,
  `zzzsys_setup_nu_setup` varchar(1) DEFAULT NULL,
  PRIMARY KEY (`zzzsys_setup_id`)
) ENGINE=InnoDB DEFAULT CHARSET=utf8;
/*!40101 SET character_set_client = @saved_cs_client */;

--
-- Dumping data for table `zzzsys_setup`
--

LOCK TABLES `zzzsys_setup` WRITE;
/*!40000 ALTER TABLE `zzzsys_setup` DISABLE KEYS */;
INSERT INTO `zzzsys_setup` VALUES ('1','','NOT USED DELETED THIS FIELD',120,'Australia/Melbourne','','','','','',0,'','','','</script>\r\n\r\n<script>\r\n\r\nfunction nuObjectColors(o){\r\n\r\n    return \'nu_\' + o;\r\n    \r\n}\r\n\r\nfunction nuLoadEditGlobal(){\r\n nuOnLoad();\r\n}\r\n\r\n\r\nfunction nuLoadBrowseGlobal(){\r\n nuOnLoad();\r\n}\r\n\r\nfunction nuOnLoad() {\r\n\r\n    if (window.top === window.self) {\r\n        var logoWidth = 129;\r\n        var logoLeft  = parseInt($(\'#nuActionButtonHolder\').css(\'width\')) - logoWidth - 10;\r\n        if (logoLeft > 500) {\r\n            var im        = document.createElement(\'img\');\r\n            im.setAttribute(\'id\', \'thislogo\');\r\n            im.setAttribute(\'src\', \'nuBuilder-Logo-medium.png\');\r\n            $(\'#nuActionButtonHolder\').append(im);\r\n            $(\'#\' + im.id).css( \'width\', logoWidth + \'px\');\r\n            $(\'#\' + im.id).css( \'height\', \'31px\');\r\n            $(\'#\' + im.id).css( \'left\',  logoLeft  + \'px\');\r\n            $(\'#\' + im.id).css( \'position\', \'absolute\');\r\n            $(\'#\' + im.id).css( \'border-style\', \'none\');\r\n            $(\'#\' + im.id).css( \'z-index\', \'0\');\r\n            $(\'#\' + im.id).css( \'top\', \'0px\');\r\n        }\r\n    } else {\r\n           if ( !window.parent.document.getElementById(\'nuDrag\') ) {\r\n               document.body.style.backgroundColor = \'#EDEDED\';\r\n           }      \r\n    }\r\n}\r\n\r\n</script>\r\n\r\n\r\n<style>\r\n\r\n.nu_browse                   {background-color : #8de2e2}\r\n.nu_button                   {background-color : #98AFC7}\r\n.nu_display                  {background-color : #C7B097}\r\n.nu_dropdown                 {background-color : #7bce98}\r\n.nu_html                     {background-color : #c497a6}\r\n.nu_iframe                   {background-color : #89C35C}\r\n.nu_listbox                  {background-color : #caa5f6}\r\n.nu_lookup                   {background-color : #EDDA74}\r\n.nu_subform                  {background-color : #fa9b96}\r\n.nu_text                     {background-color : #cbc287}\r\n.nu_textarea                 {background-color : #a0a7d6}\r\n.nu_words                    {background-color : #ffc082}   \r\n\r\n\r\ntable                        {padding:0px;margin:0px;text-align:center;vertical-align:top;margin-left:auto;margin-right:auto;width:100%;cellspacing:0px;cellpadding:0px}\r\ntr                           {padding:0px;margin:0px;text-align:top;vertical-align:top;}\r\ntd                           {padding:0px;margin:0px}\r\ndiv                          {padding:0px;margin:0px}\r\ninput                        {padding:0px;margin:0px; font-family:\"Helvetica Neue\", Helvetica, Arial, sans-serif;}\r\nimg                          {padding:0px;margin:0px;}\r\nselect                       {padding:0px;margin:0px; font-family:\"Helvetica Neue\", Helvetica, Arial, sans-serif;}\r\ntextarea                     {padding:0px;margin:0px;font-family:\"Helvetica Neue\", Helvetica, Arial, sans-serif;}\r\n\r\niframe          {\r\n          border: 0px;\r\n          margin: 0px;\r\n          padding: 0px;\r\n}\r\n\r\nbody {\r\n  margin: 0;\r\n  font-family: \"Helvetica Neue\", Helvetica, Arial, sans-serif;\r\n  font-size: 13px;\r\n  line-height: 18px;\r\n  color: #202020;\r\n  background-color: #E1E8EA; \r\n\r\n}\r\n\r\na:focus, a:visited, a:hover, a:active {\r\n  outline: thin dotted #333;\r\n  outline: 5px auto -webkit-focus-ring-color;\r\n  outline-offset: -2px;\r\n  color: #202020;\r\n  text-shadow: 0 1px 1px rgba(255, 255, 255, 0.75);\r\n  text-decoration: none;\r\n}\r\n.nuHolder                    {position:relative;margin:auto;width:1100px;height:800px}\r\n.nuFileShadow                {border-bottom-left-radius:5px;border-bottom-right-radius:5px;border-top-right-radius:5px;border-top-left-radius:5px;box-shadow: 5px 5px 5px #888888;position:relative;top:170px;left:100px;margin:auto;width:280px;height:200px;font-size:16px;font-family:\"Helvetica Neue\", Helvetica, Arial, sans-serif;background-color:white}\r\n.nuShadeHolder               {border-bottom-left-radius:5px;border-bottom-right-radius:5px;border-top-right-radius:5px;border-top-left-radius:5px;box-shadow: 5px 5px 5px #888888;position:absolute;top:70px;left:0px;margin:auto;width:1002px;height:542px}\r\n.nuDialogHolder              {position:absolute;left:0px;width:1020px;height:700px;border-style:solid;border-width:1px 1px 1px 1px;border-color:grey;-moz-border-radius: 2px;border-radius: 2px;}\r\n\r\n.nuBreadCrumbHolder          {\r\n               position:absolute;\r\n               left:0px;\r\n               top:45px;\r\n               font-family:\"Helvetica Neue\", Helvetica, Arial, sans-serif;\r\n               color:#595959;\r\n               *zoom: 1;\r\n               margin-bottom: 0;\r\n               font-size: 15px;\r\n               line-height: 18px;\r\n               color: #202020;\r\n               text-shadow: 0 1px 1px rgba(255, 255, 255, 0.75);\r\n               vertical-align: middle; \r\n}\r\n.nuBreadCrumbSection {\r\n               font-family:\"Helvetica Neue\", Helvetica, Arial, sans-serif;\r\n               color: #4667A5;\r\n               *zoom: 1;\r\n               margin-bottom: 2px;\r\n               font-size: 15px;\r\n               line-height: 23px;\r\n               text-shadow: 0 1px 1px rgba(255, 255, 255, 0.75);\r\n               text-decoration: underline;\r\n               vertical-align: middle; \r\n               cursor: pointer;\r\n}\r\n\r\n.nuBreadCrumbPointer {\r\n    color: #4667A5;\r\n    font-family:\"Helvetica Neue\", Helvetica, Arial, sans-serif;\r\n    *zoom: 1;\r\n    margin-bottom: 2px;\r\n    font-size: 15px;\r\n    line-height: 23px;\r\n    text-shadow: 0 1px 1px rgba(255, 255, 255, 0.75);\r\n    vertical-align: middle; \r\n}\r\n\r\n.nuBreadCrumbSectionEnd {\r\n    font-family:\"Helvetica Neue\", Helvetica, Arial, sans-serif;\r\n    color: #4667A5;\r\n    *zoom: 1;\r\n    margin-bottom: 2px;\r\n    font-size: 15px;\r\n    line-height: 23px;\r\n    text-shadow: 0 1px 1px rgba(255, 255, 255, 0.75);\r\n    vertical-align: middle; \r\n\r\n}\r\n\r\n.nuActionButtonHolder        {position:absolute;top:15px;left:0px;width:1100px;text-align:center}\r\n\r\n.nuTabAreaHolder             {\r\n                position:absolute;\r\n                top:23px;\r\n                left:0px\r\n}\r\n\r\n.nuBrowseTabAreaHolder             {\r\n                position:absolute;\r\n                top:60px;\r\n                left:0px\r\n}\r\n\r\n.nuBrowseSearch              {color:red}\r\n\r\n.nuTabTitleHolder            {\r\n	font-family:\"Helvetica Neue\", Helvetica, Arial, sans-serif;\r\n	font-size:16px;\r\n	position:absolute;\r\n	left:0px;\r\n	top:0px;\r\n	width:1100px;\r\n	min-height:18px;\r\n	-moz-border-top-left-radius:5px;\r\n	-moz-border-top-right-radius:5px;\r\n	border-top-left-radius:5px;\r\n	border-top-right-radius:5px;\r\n	border-style:solid;\r\n	border-width:1px;border-color:grey;\r\n	width:1100px;\r\n	border-width:1px 1px 0px 1px \r\n}\r\n\r\n.nuTabTitleHolderL           {\r\n	font-family:\"Helvetica Neue\", \r\n	Helvetica, Arial, sans-serif;\r\n	font-size:16px;\r\n        position:absolute;\r\n	left:0px;\r\n	top:0px;\r\n	width:1100px;\r\n	min-height:18px;\r\n	-moz-border-top-left-radius:5px;\r\n	border-style:solid;\r\n	border-width:1px; \r\n	border-color:grey;\r\n	width:1100px;\r\n	border-width:0px 1px 0px 1px \r\n}\r\n.nuTabTitleHolderR           {\r\n	font-family:\"Helvetica Neue\", Helvetica, Arial, sans-serif;\r\n	font-size:16px;\r\n	position:absolute;\r\n	left:0px;\r\n	top:0px;\r\n	width:1100px;\r\n	min-height:18px;\r\n	-moz-border-top-right-radius:5px;\r\n	border-top-right-radius:5px;\r\n	border-style:solid;\r\n	border-width:1px; \r\n	border-color:grey;\r\n	width:1100px;\r\n	border-width:0px 1px 0px 1px \r\n}\r\n.nuTabTitleHolderC           {\r\n	font-family:\"Helvetica Neue\", Helvetica, Arial, sans-serif;\r\n	font-size:16px;\r\n	position:absolute;\r\n	left:0px;\r\n	top:0px;\r\n	width:1100px;\r\n	border-style:solid;\r\n	border-width:1px;\r\n	border-color:grey;\r\n	width:1100px;\r\n	border-width:0px 1px 0px 1px\r\n}\r\n.nuStatusHolder              {\r\n	position:absolute;\r\n	top:520px;\r\n	left:0px;\r\n	width:1100px;\r\n	height:20px;\r\n	font-family:\"Helvetica Neue\", Helvetica, Arial, sans-serif;\r\n	-moz-border-bottom-left-radius:5px;\r\n	-moz-border-bottom-right-radius:5px;\r\n	border-bottom-left-radius:5px;\r\n	border-bottom-right-radius:5px;\r\n	font-size:16px;\r\n	border-style:solid;\r\n	border-width:1px;\r\n	border-color:grey;\r\n}\r\n\r\n.nuTabTitle {\r\n  *zoom: 1;\r\n  padding: 4px 10px 4px;\r\n  margin-bottom: 0;\r\n  font-size: 13px;\r\n  line-height: 18px;\r\n  color: #202020;\r\n  text-align: center;\r\n  text-shadow: 0 1px 1px rgba(255, 255, 255, 0.75);\r\n  vertical-align: middle;\r\n  \r\n}\r\n\r\n.nuSearchColumn {\r\n *zoom: 1;\r\n  font-size: 13px;\r\n  line-height: 18px;\r\n  text-shadow: 0 1px 1px rgba(255, 255, 255, 0.75);\r\n  vertical-align: middle;\r\n\r\n}\r\n.nuBrowseCell {\r\n  *zoom: 1;\r\n  font-size: 13px;\r\n  line-height: 18px;\r\n  color: #202020;\r\n  text-shadow: 0 1px 1px rgba(255, 255, 255, 0.75);\r\n  vertical-align: middle;\r\n  border-style:solid;\r\n  border-width: 0.082em 0.082em 0.082em 0.082em; \r\n  border-color: #D3D3D3; \r\n}\r\n\r\n.nuGradient          {\r\nbackground: #e0f3fa; /* Old browsers */\r\nbackground: -moz-linear-gradient(top,  #e0f3fa 0%, #a6daea 23%, #01A6F5 100%); /* FF3.6+ */\r\nbackground: -webkit-gradient(linear, left top, left bottom, color-stop(0%,#e0f3fa), color-stop(23%,#a6daea), color-stop(100%,#01A6F5)); /* Chrome,Safari4+ */\r\nbackground: -webkit-linear-gradient(top,  #e0f3fa 0%,#a6daea 23%,#01A6F5 100%); /* Chrome10+,Safari5.1+ */\r\nbackground: -o-linear-gradient(top,  #e0f3fa 0%,#a6daea 23%,#01A6F5 100%); /* Opera 11.10+ */\r\nbackground: -ms-linear-gradient(top,  #e0f3fa 0%,#a6daea 23%,#01A6F5 100%); /* IE10+ */\r\nbackground: linear-gradient(to bottom,  #e0f3fa 0%,#a6daea 23%,#01A6F5 100%); /* W3C */\r\nfilter: progid:DXImageTransform.Microsoft.gradient( startColorstr=\'#e0f3fa\', endColorstr=\'#01A6F5\',GradientType=0 ); /* IE6-9 */\r\n}\r\n.nuTabArea            {\r\n              font-family:\"Helvetica Neue\", Helvetica, Arial, sans-serif;\r\n              position:absolute;\r\n              top:0px;\r\n              left:0px;\r\n              width:1100px;\r\n              height:605px;\r\n              border-style:solid;\r\n              border-width:0px 1px 1px 1px; \r\n              border-color:grey;\r\n              overflow:hidden;\r\n}\r\n\r\n.nuLoginBox            {\r\n              font-family:\"Helvetica Neue\", Helvetica, Arial, sans-serif;\r\n              position:absolute;\r\n              top:0px;\r\n              left:0px;\r\n              width:310px;\r\n              height:300px;\r\n              border-style:solid;\r\n              border-width: 1px 1px 1px 1px; \r\n              border-color:grey;\r\n              overflow:hidden;\r\n              background-color:#EDEDED;\r\n}\r\n.nuSelectedTab        {\r\n              font-family:\"Helvetica Neue\", Helvetica, Arial, sans-serif;\r\n              background-color:#EDEDED;\r\n              color:333333;\r\n              text-align:center;\r\n              vertical-align:top;\r\n              margin-left:auto;\r\n              margin-right:auto;\r\n\r\n}\r\n\r\n.nuUnselectedTab      {\r\n              font-family:\"Helvetica Neue\", Helvetica, Arial, sans-serif;\r\n              color: #1C2840;\r\n              text-shadow: 0 1px 1px rgba(255, 255, 255, 0.75); \r\n              cursor: pointer;\r\n}\r\n\r\n.nuGreenUnselectedTab      {\r\n              font-family:\"Helvetica Neue\", Helvetica, Arial, sans-serif;\r\n              background-color: #4FFF4F;\r\n              text-shadow: 0 1px 1px rgba(255, 255, 255, 0.75); \r\n              cursor: pointer;\r\n}\r\n\r\n.nuYellowUnselectedTab      {\r\n              font-family:\"Helvetica Neue\", Helvetica, Arial, sans-serif;\r\n               background-color: #FFFE28;\r\n              text-shadow: 0 1px 1px rgba(255, 255, 255, 0.75); \r\n              cursor: pointer;\r\n}\r\n\r\n.nuSearch             {\r\n	font-family:\"Helvetica Neue\", Helvetica, Arial, sans-serif;\r\n        background-color: #93C8F9;\r\n	*zoom: 1;\r\n        margin-bottom: 0;\r\n        font-size: 16px;\r\n        line-height: 20px;\r\n        color: #202020;\r\n        text-shadow: 0 1px 1px rgba(255, 255, 255, 0.75);\r\n        vertical-align: middle;\r\n        border: 1px solid #A8A8A8;\r\n        border-bottom-color: #999999;\r\n}\r\n\r\n.nuBrowseRowSelected {\r\n        background-color: #93C8F9;\r\n}\r\n\r\n.nuActionButton       {font-weight:500;font-family:\"Helvetica Neue\", Helvetica, Arial, sans-serif;font-size:10pt;color:Black;background-color:#F9A53A;border-color:#C46E00;border-width:1px;border-style:ridge;height:25px;display:inline-block}\r\n.nuSelectedTabTitle   {\r\n              height:22px;\r\n              -moz-border-top-left-radius:5px;\r\n              -moz-border-top-right-radius:5px;\r\n              border-top-left-radius:5px;\r\n              border-top-right-radius:5px;\r\n              border-style:solid;\r\n              border-width:1px 1px 0px 1px;\r\n              border-color: #01A6F5; \r\n}\r\n.ui-widget            {font-size: 0.8em;}\r\n.ui-autocomplete      { max-height: 200px; overflow-y: auto; overflow-x: hidden; }\r\n.browsematch          {color:red;}\r\n\r\n.nuButton {\r\n  display: inline-block;\r\n  *display: inline;\r\n  /* IE7 inline-block hack */\r\n  *zoom: 1;\r\n  /* padding: 4px 10px 4px; */\r\n  margin-bottom: 0;\r\n  font-size: 13px;\r\n  line-height: 18px;\r\n  text-align: center;\r\n  text-shadow: 0 1px 1px rgba(255, 255, 255, 0.75);\r\n  vertical-align: middle;\r\n  color: #202020;\r\n  background-color: #CCCCCC;\r\n  background-image: -moz-linear-gradient(top, #E7E7E7, #CCCCCC);\r\n  background-image: -ms-linear-gradient(top, #E7E7E7, #CCCCCC);\r\n  background-image: -webkit-gradient(linear, 0 0, 0 100%, from(#E7E7E7), to(#CCCCCC));\r\n  background-image: -webkit-linear-gradient(top, #E7E7E7, #CCCCCC);\r\n  background-image: -o-linear-gradient(top, #E7E7E7, #CCCCCC);\r\n  background-image: linear-gradient(top, #E7E7E7, #CCCCCC);\r\n  background-repeat: repeat-x;\r\n  filter: progid:DXImageTransform.Microsoft.gradient(startColorstr=\'#E7E7E7\', endColorstr=\'#CCCCCC\', GradientType=0);\r\n  border-color: #e7e7e7 #e7e7e7 #bfbfbf;\r\n  border-color: rgba(0, 0, 0, 0.1) rgba(0, 0, 0, 0.1) rgba(0, 0, 0, 0.25);\r\n  filter: progid:dximagetransform.microsoft.gradient(enabled=false);\r\n  border: 1px solid #A8A8A8;\r\n  border-bottom-color: #999999;\r\n  -webkit-border-radius: 4px;\r\n  -moz-border-radius: 4px;\r\n  border-radius: 4px;\r\n  -webkit-box-shadow: inset 0 1px 0 rgba(255, 255, 255, 0.2), 0 1px 2px rgba(0, 0, 0, 0.05);\r\n  -moz-box-shadow: inset 0 1px 0 rgba(255, 255, 255, 0.2), 0 1px 2px rgba(0, 0, 0, 0.05);\r\n  box-shadow: inset 0 1px 0 rgba(255, 255, 255, 0.2), 0 1px 2px rgba(0, 0, 0, 0.05);\r\n  cursor: pointer;\r\n  *margin-left: .3em;\r\n}\r\n\r\n.nuButtonSent {\r\n  display: inline-block;\r\n  *display: inline;\r\n  /* IE7 inline-block hack */\r\n  *zoom: 1;\r\n  /* padding: 4px 10px 4px; */\r\n  margin-bottom: 0;\r\n  font-size: 13px;\r\n  line-height: 18px;\r\n  text-align: center;\r\n  text-shadow: 0 1px 1px rgba(255, 255, 255, 0.75);\r\n  vertical-align: middle;\r\n  color: #202020;\r\n  background-color: #CCCCCC;\r\n  background-image: -moz-linear-gradient(top, #FF4A4A, #FD0000);\r\n  background-image: -ms-linear-gradient(top, #FF4A4A, #FD0000);\r\n  background-image: -webkit-gradient(linear, 0 0, 0 100%, from(#FF4A4A), to(#FD0000));\r\n  background-image: -webkit-linear-gradient(top, #FF4A4A, #FD0000);\r\n  background-image: -o-linear-gradient(top, #FF4A4A, #FD0000);\r\n  background-image: linear-gradient(top, #FF4A4A, #FD0000);\r\n  background-repeat: repeat-x;\r\n  filter: progid:DXImageTransform.Microsoft.gradient(startColorstr=\'#FF4A4A\', endColorstr=\'#FD0000\', GradientType=0);\r\n  border-color: #e7e7e7 #e7e7e7 #bfbfbf;\r\n  border-color: rgba(0, 0, 0, 0.1) rgba(0, 0, 0, 0.1) rgba(0, 0, 0, 0.25);\r\n  filter: progid:dximagetransform.microsoft.gradient(enabled=false);\r\n  border: 1px solid #A8A8A8;\r\n  border-bottom-color: #999999;\r\n  -webkit-border-radius: 4px;\r\n  -moz-border-radius: 4px;\r\n  border-radius: 4px;\r\n  -webkit-box-shadow: inset 0 1px 0 rgba(255, 255, 255, 0.2), 0 1px 2px rgba(0, 0, 0, 0.05);\r\n  -moz-box-shadow: inset 0 1px 0 rgba(255, 255, 255, 0.2), 0 1px 2px rgba(0, 0, 0, 0.05);\r\n  box-shadow: inset 0 1px 0 rgba(255, 255, 255, 0.2), 0 1px 2px rgba(0, 0, 0, 0.05);\r\n  cursor: pointer;\r\n  *margin-left: .3em;\r\n}\r\n\r\n.nuClose {\r\n  display: inline-block;\r\n  *display: inline;\r\n  /* IE7 inline-block hack */\r\n  *zoom: 1;\r\n  padding: 0px;\r\n  margin-bottom: 0;\r\n  font-size: 13px;\r\n  font-weight: bold;\r\n  line-height: 18px;\r\n  text-align: center;\r\n  text-shadow: 0 2px 2px rgba(255, 255, 255, 0.75);\r\n  vertical-align: middle;\r\n  color: #01A6F5;\r\n  background-color: #B9CACE;\r\n  background-image: -moz-linear-gradient(top, #E7E7E7, #B9CACE);\r\n  background-image: -ms-linear-gradient(top, #E7E7E7, #B9CACE);\r\n  background-image: -webkit-gradient(linear, 0 0, 0 100%, from(#E7E7E7), to(#B9CACE));\r\n  background-image: -webkit-linear-gradient(top, #E7E7E7, #B9CACE);\r\n  background-image: -o-linear-gradient(top, #E7E7E7, #B9CACE);\r\n  background-image: linear-gradient(top, #E7E7E7, #B9CACE);\r\n  background-repeat: repeat-x;\r\n  filter: progid:DXImageTransform.Microsoft.gradient(startColorstr=\'#E7E7E7\', endColorstr=\'#B9CACE\', GradientType=0);\r\n  border-color: #e7e7e7 #e7e7e7 #bfbfbf;\r\n  border-color: rgba(0, 0, 0, 0.1) rgba(0, 0, 0, 0.1) rgba(0, 0, 0, 0.25);\r\n  filter: progid:dximagetransform.microsoft.gradient(enabled=false);\r\n  border: 1px solid #A8A8A8;\r\n  border-bottom-color: #999999;\r\n  -webkit-border-radius: 4px;\r\n  -moz-border-radius: 4px;\r\n  border-radius: 4px;\r\n  -webkit-box-shadow: inset 0 1px 0 rgba(255, 255, 255, 0.2), 0 1px 2px rgba(0, 0, 0, 0.05);\r\n  -moz-box-shadow: inset 0 1px 0 rgba(255, 255, 255, 0.2), 0 1px 2px rgba(0, 0, 0, 0.05);\r\n  box-shadow: inset 0 1px 0 rgba(255, 255, 255, 0.2), 0 1px 2px rgba(0, 0, 0, 0.05);\r\n  cursor: pointer;\r\n}\r\n.nuButton:hover {\r\n  \r\n  color: #202020;\r\n  background-color: #e9f3fa;\r\n  background-image: -moz-linear-gradient(top, #a6daea, #01A6F5);\r\n  background-image: -ms-linear-gradient(top, #a6daea, #01A6F5);\r\n  background-image: -webkit-gradient(linear, 0 0, 0 100%, from(#a6daea), to(#01A6F5));\r\n  background-image: -webkit-linear-gradient(top, #a6daea, #01A6F5);\r\n  background-image: -o-linear-gradient(top, #a6daea, #01A6F5);\r\n  background-image: linear-gradient(top, #a6daea, #01A6F5);\r\n  background-repeat: repeat-x;\r\n  filter: progid:dximagetransform.microsoft.gradient(enabled=false);\r\n  border: 1px solid #A8A8A8;\r\n  border-bottom-color: #999999;\r\n}\r\n\r\n.nuClose:hover {\r\n  font-weight: normal;\r\n  color: #202020;\r\n  background-color: #e9f3fa;\r\n  background-image: -moz-linear-gradient(top, #a6daea, #01A6F5);\r\n  background-image: -ms-linear-gradient(top, #a6daea, #01A6F5);\r\n  background-image: -webkit-gradient(linear, 0 0, 0 100%, from(#a6daea), to(#01A6F5));\r\n  background-image: -webkit-linear-gradient(top, #a6daea, #01A6F5);\r\n  background-image: -o-linear-gradient(top, #a6daea, #01A6F5);\r\n  background-image: linear-gradient(top, #a6daea, #01A6F5);\r\n  background-repeat: repeat-x;\r\n  filter: progid:dximagetransform.microsoft.gradient(enabled=false);\r\n  border: 1px solid #A8A8A8;\r\n  border-bottom-color: #999999;\r\n}\r\n\r\n.nuSaveMessageProgress {\r\n     font-family: \"Helvetica Neue\", Helvetica, Arial, sans-serif;\r\n     width:100px;\r\n     height:22px;\r\n     top:10px;\r\n     left:0px;\r\n     color: #202020;\r\n     position:absolute;\r\n     font-size: 14px;\r\n     line-height: 20px;\r\n     text-align: left;\r\n     text-shadow: 0 1px 1px rgba(255, 255, 255, 0.75);\r\n     vertical-align: middle;\r\n}\r\n\r\n.nuSaveMessage {\r\n     font-family: \"Helvetica Neue\", Helvetica, Arial, sans-serif;\r\n     width:110px;\r\n     height:20px;\r\n     top:10px;\r\n     left:0px;\r\n     color: #01A6F5;\r\n     background-color: #EDEDED;\r\n     border-style: solid;\r\n     border-color: #01A6F5;\r\n     border-width: 1px;\r\n     position:absolute;\r\n     font-size: 16px;\r\n     font-weight: normal;\r\n     line-height: 18px;\r\n     text-align: center;\r\n     vertical-align: middle;\r\n     text-shadow: 0 1px 1px #E1E8EA;\r\n     -webkit-border-radius: 4px;\r\n     -moz-border-radius: 4px;\r\n     border-radius: 4px;\r\n     -webkit-box-shadow: inset 0 1px 0 rgba(255, 255, 255, 0.2), 0 1px 2px rgba(0, 0, 0, 0.05);\r\n     -moz-box-shadow: inset 0 1px 0 rgba(255, 255, 255, 0.2), 0 1px 2px rgba(0, 0, 0, 0.05);\r\n     box-shadow: inset 0 1px 0 rgba(255, 255, 255, 0.2), 0 1px 2px rgba(0, 0, 0, 0.05);\r\n     opacity:0.7\r\n\r\n}\r\n\r\n.nuNotSaved {\r\n  display: inline-block;\r\n  *display: inline;\r\n  /* IE7 inline-block hack */\r\n  *zoom: 1;\r\n  /* padding: 4px 10px 4px; */\r\n  margin-bottom: 0;\r\n  font-size: 13px;\r\n  line-height: 16px;\r\n  text-align: center;\r\n  text-shadow: 0 1px 1px rgba(255, 255, 255, 0.75);\r\n  vertical-align: middle;\r\n  color: #202020;\r\n  \r\n  -webkit-border-radius: 4px;\r\n  -moz-border-radius: 4px;\r\n  border-radius: 4px;\r\n  -webkit-box-shadow: inset 0 1px 0 rgba(255, 255, 255, 0.2), 0 1px 2px rgba(0, 0, 0, 0.05);\r\n  -moz-box-shadow: inset 0 1px 0 rgba(255, 255, 255, 0.2), 0 1px 2px rgba(0, 0, 0, 0.05);\r\n  box-shadow: inset 0 10px 0 rgba(255, 255, 255, 0.2), 0 1px 2px rgba(0, 0, 0, 0.05);\r\n  cursor: pointer;\r\n  *margin-left: .3em;\r\n\r\n  background-color: #FFB3B3;\r\n  background-image: -moz-linear-gradient(top, #FFB3B3, #FF0000);\r\n  background-image: -ms-linear-gradient(top, #FFB3B3, #FF0000);\r\n  background-image: -webkit-gradient(linear, 0 0, 0 100%, from(#FFB3B3), to(#FF0000));\r\n  background-image: -webkit-linear-gradient(top, #FFB3B3, #FF0000);\r\n  background-image: -o-linear-gradient(top, #FFB3B3, #FF0000);\r\n  background-image: linear-gradient(top, #FFB3B3, #FF0000);\r\n  background-repeat: repeat-x;\r\n  filter: progid:dximagetransform.microsoft.gradient(enabled=false);\r\n  border: 1px solid #A8A8A8;\r\n  border-bottom-color: #999999;\r\n}\r\n\r\n.nuLookup     {\r\n     background-color: #93C8F9;\r\n}\r\n\r\n.nuReadOnly     {\r\n     background-color: #CCCCCC;\r\n}\r\n\r\n.nuError {\r\n\r\n     background-color: #FF8080;\r\n\r\n}\r\n\r\n.nuFileUpload {\r\n    position:absolute;\r\n    z-index:2;\r\n    top:0;\r\n    left:0;\r\n    filter: alpha(opacity=0);\r\n    -ms-filter:\"progid:DXImageTransform.Microsoft.Alpha(Opacity=0)\";\r\n    opacity:0;\r\n    background-color:transparent;\r\n    color:transparent;\r\n    text-decoration:none;\r\n    width: 122px;\r\n    outline: 0; \r\n}\r\n.nuFileUpload:focus {\r\n    position:absolute;\r\n    z-index:2;\r\n    top:0;\r\n    left:0;\r\n    filter: alpha(opacity=0);\r\n    -ms-filter:\"progid:DXImageTransform.Microsoft.Alpha(Opacity=0)\";\r\n    opacity:0;\r\n    background-color:transparent;\r\n    color:transparent;\r\n    text-decoration:none;\r\n    width: 122px;\r\n    outline: 0; \r\n}\r\n\r\n.nuLegend   {\r\n              padding: 2px 10px 2px 10px;\r\n              -moz-border-radius:5px;\r\n              border-radius:5px;\r\n              border-style:solid;\r\n              border-width:1px;\r\n              border-color: #01A6F5;\r\n\r\n               font-family:\"Helvetica Neue\", Helvetica, Arial, sans-serif;\r\n               color: #01A6F5;\r\n               *zoom: 1;\r\n               margin-bottom: 2px;\r\n               font-size: 15px;\r\n               line-height: 23px;\r\n               text-shadow: 0 1px 1px rgba(255, 255, 255, 0.75);\r\n               text-decoration: none;\r\n               vertical-align: middle; \r\n               \r\n\r\n}\r\n.nuFieldset {\r\n              position:absolute;\r\n              left: 45px;\r\n              top: 35px;\r\n              padding: 5px;\r\n              width: 550px;\r\n              -moz-border-radius:5px;\r\n              border-radius:5px;\r\n              border-style:solid;\r\n              border-width:1px;\r\n              border-color: #01A6F5; \r\n}\r\ndl {padding: 5px;}\r\ndl dt {\r\n    float:left; \r\n    margin-right: 10px;\r\n    width: 150px;\r\n    padding: 2px;\r\n    text-align: center;\r\n    text-shadow: 0 1px 1px rgba(255, 255, 255, 0.75);\r\n    vertical-align: left;\r\n    color: #202020;\r\n    background-color: #CCCCCC;\r\n}\r\ndl dd {padding: 5px;}\r\n</style>','v3alpha','[\'nuindex\',\'nuform\',\'1455245046c010\',\'145787d61a3837\',\'14f3852d29db17\',\'nuobject\',\'51661887c32f9ec\',\'1457c6e9eb2c5b\',\'515222283d84654\',\'51636e4728362e8\',\'5164af4c18a8db5\',\'5269ae8512ebfd3\',\'14592006d24488\',\'14feb8e8026465\',\'51b7a12f0ad36a3\',\'5164b84609c9fa8\',\'51b7cf41d9f2c57\',\'nurunphp\',\'145934bea27db3\',\'1459354088b09d\',\'nurunreport\',\'nusetup\',\'1472e8ca60dec1\',\'521aa180c060e7e\',\'15023030aec83b\',\'14573719372039\',\'1455245046c010\',\'1455245046bff5\',\'1455245046bff6\',\'1455245046c003\',\'1455245046c006\',\'1455245046c009\',\'1455245046c00d\',\'1457742314bc68\',\'1455245046c01f\',\'14575d3a98d24e\',\'14575e368d59f9\',\'14575e416b71b1\',\'1457737c94bc68\',\'1457738260ebd8\',\'1457739571a2f3\',\'145773a2a6e1b9\',\'145773a500ebd8\',\'145773a9557383\',\'145773ab7798d4\',\'145773b86d8eb5\',\'145773ba26e1b9\',\'145787d61a3837\',\'145787ef89be25\',\'145787f625367a\',\'145787f999fb2e\',\'14580c083db4cb\',\'14580c11db5271\',\'14580c12e28024\',\'14580c19159999\',\'145bea9e09d919\',\'145beaa184f563\',\'145beaa6469387\',\'145beaad4c5279\',\'145beaaeb6ff1a\',\'145beab058be2c\',\'145beab28ce1bb\',\'146bc0d39115da\',\'146bc0d39135da\',\'14b171429ee70d\',\'14ea879bf7c1a3\',\'14f0247a001c92\',\'14f02480d3c322\',\'14f3852d29db17\',\'14f3852d29df28\',\'14f3852d29e0d9\',\'14f3852d29e282\',\'14f3852d29e41e\',\'14f3852d29e5b9\',\'14f3852d29e774\',\'150c0145249c92\',\'150c014660db40\',\'515377f3c87787c\',\'515e599c390d2a5\',\'515e59ae459628c\',\'51649719abe923a\',\'5186d40c2a32069\',\'decafc0ffee001\',\'decafc0ffee002\',\'decafc0ffee003\',\'145737841574fa\',\'1455245046ba0b\',\'1455245046ba0e\',\'1455245046ba12\',\'1455245046ba15\',\'1455245046ba18\',\'1455245046ba29\',\'1455245046ba2c\',\'1455245046ba2f\',\'1455245046ba33\',\'1455245046ba36\',\'1455245046ba39\',\'1455245046ba3e\',\'1455245046ba3h\',\'1455245046ba3y\',\'1455245046ba3z\',\'1455245046ba4c\',\'1455245046ba55\',\'1455245046ba58\',\'1455245046ba5b\',\'1455245046ba5e\',\'1455245046ba67\',\'1455245046ba87\',\'1455245046ba92\',\'1455245046ba95\',\'1455245046ba9f\',\'1455245046baa3\',\'1455245046baab\',\'1455245046bab3\',\'1455245046bad0\',\'1455245046bf8a\',\'1455245046bfad\',\'1455245046bfb5\',\'1455245046bfb8\',\'1455245046bfd1\',\'1455245047bca2\',\'1456ca1f6158bc\',\'1457375b63c9bb\',\'1457c6e9eb2c5b\',\'1457c73b54bc68\',\'1459593a676418\',\'1457f678cd1e6d\',\'14594a58489545\',\'1460b1faf70520\',\'14fa457aece384\',\'14fa5ac5c9a139\',\'5142b7878f23f81\',\'514799c658a9a4d\',\'51479fa5d17974d\',\'515222283d84654\',\'515223562d0a69d\',\'515223cfd1c36e2\',\'516340b344b54b4\',\'51636e4728362e8\',\'51636f427d270a5\',\'51636f63f416664\',\'51636f9b34802ec\',\'51636fb70e91bd7\',\'51636fd0b0bc8a4\',\'51636fdee304f88\',\'51636ffdcf6c6eb\',\'516370102c486a1\',\'516382387e5048d\',\'5164b96d5905c71\',\'5164afcc4510338\',\'5164b083b1b6c36\',\'5164b0b68f0ede3\',\'5164b0fcc6e8515\',\'5164e7d44a71374\',\'528a92294b7032a\',\'525b1a7d7714972\',\'5269a983bdb5bdf\',\'5269aa0e6195a30\',\'1459201a4676c8\',\'1459205808b808\',\'1459205a300368\',\'145920ac55d738\',\'14feb8e8026465\',\'14feb90091f111\',\'14feb92315662b\',\'14feb929a82943\',\'14feb92b66c04f\',\'14feb92eed6083\',\'14feb93cbbff85\',\'5165e6dbc6b9514\',\'51b7a12f0ad36a3\',\'51b7c95778fcb78\',\'5164b8ac0b51901\',\'5164b8cee0f2dbc\',\'5164b96d5905c7f\',\'5164decb1b8a612\',\'5164e46713a6765\',\'51678f239d70019\',\'51c3cabde7cd234\',\'522025e88174a00\',\'51b7cf41d9f2c57\',\'51b7cfe62d9d754\',\'14593167adb25a\',\'145934e7305862\',\'145934df1b12f7\',\'145934e14a98e5\',\'14595a08007a13\',\'14593559f334cf\',\'145935a528b09d\',\'145935a9b4e00d\',\'145935addcfb3f\',\'145935b7f8eda6\',\'1504975ff1dbbb\',\'51d630727eb5bcc\',\'51d9e82510ead25\',\'521accb821bfb3f\',\'521acce93ab0d13\',\'1459744b2e8b26\',\'145aefc5710ffa\',\'145d3d46168a33\',\'15021bce9c7549\',\'15087459201b94\',\'150cff28506bde\',\'51db33e43a91032\',\'524a51edb1281a4\',\'5271d71fedb50d1\',\'5271d7cf27280cc\',\'52818c84074eb82\',\'SMTPAUTH100001\',\'SMTPAUTH100002\',\'SMTPAUTH100003\',\'SMTPAUTH100004\',\'SMTPAUTH100005\',\'SMTPAUTH100006\',\'SMTPAUTH100007\',\'SMTPAUTH100008\',\'1472e8d3ced629\',\'1472e8d8b36588\',\'1472e8dd001218\',\'1472e93b996f3a\',\'14731218d30f34\',\'5202eafc2df64bf\',\'5202eff7ae7707a\',\'5202f0403f43ddb\',\'5202f0736f69f75\',\'5202f0d5809fafc\',\'520421ea5f5cfc9\',\'5269b7d216b8fdd\',\'52c0db485a17ec1\',\'52c0df33aad29a8\',\'150206dfea0401\',\'521aa44b5653b9d\',\'5269ec17618f6cb\',\'15023046831fc2\',\'15023043618a09\',\'1502304d649403\',\'15023052d34bc7\',\'5164b02e24345c9\',\'5164b9c2f01a215\',\'51db531fcba6bba\',\'51db53fedde9bc6\',\'51dcdd13ed27243\']','','0000-00-00 00:00:00','','2013-09-24 10:21:59','globeadmin','2013-09-24 10:21:59','globeadmin','1'),('default','','NOT USED DELETED THIS FIELD',120,'Australia/Melbourne','','','','','',0,'','','','</script>\r\n\r\n<script>\r\n\r\nfunction nuObjectColors(o){\r\n\r\n    return \'nu_\' + o;\r\n    \r\n}\r\n\r\nfunction nuLoadEditGlobal(){\r\n nuOnLoad();\r\n}\r\n\r\n\r\nfunction nuLoadBrowseGlobal(){\r\n nuOnLoad();\r\n}\r\n\r\nfunction nuOnLoad() {\r\n\r\n    if (window.top === window.self) {\r\n        var logoWidth = 129;\r\n        var logoLeft  = parseInt($(\'#nuActionButtonHolder\').css(\'width\')) - logoWidth - 10;\r\n        if (logoLeft > 500) {\r\n            var im        = document.createElement(\'img\');\r\n            im.setAttribute(\'id\', \'thislogo\');\r\n            im.setAttribute(\'src\', \'nuBuilder-Logo-medium.png\');\r\n            $(\'#nuActionButtonHolder\').append(im);\r\n            $(\'#\' + im.id).css( \'width\', logoWidth + \'px\');\r\n            $(\'#\' + im.id).css( \'height\', \'31px\');\r\n            $(\'#\' + im.id).css( \'left\',  logoLeft  + \'px\');\r\n            $(\'#\' + im.id).css( \'position\', \'absolute\');\r\n            $(\'#\' + im.id).css( \'border-style\', \'none\');\r\n            $(\'#\' + im.id).css( \'z-index\', \'0\');\r\n            $(\'#\' + im.id).css( \'top\', \'0px\');\r\n        }\r\n    } else {\r\n           if ( !window.parent.document.getElementById(\'nuDrag\') ) {\r\n               document.body.style.backgroundColor = \'#EDEDED\';\r\n           }      \r\n    }\r\n}\r\n\r\n</script>\r\n\r\n\r\n<style>\r\n\r\n.nu_browse                   {background-color : #8de2e2}\r\n.nu_button                   {background-color : #98AFC7}\r\n.nu_display                  {background-color : #C7B097}\r\n.nu_dropdown                 {background-color : #7bce98}\r\n.nu_html                     {background-color : #c497a6}\r\n.nu_iframe                   {background-color : #89C35C}\r\n.nu_listbox                  {background-color : #caa5f6}\r\n.nu_lookup                   {background-color : #EDDA74}\r\n.nu_subform                  {background-color : #fa9b96}\r\n.nu_text                     {background-color : #cbc287}\r\n.nu_textarea                 {background-color : #a0a7d6}\r\n.nu_words                    {background-color : #ffc082}   \r\n\r\n\r\ntable                        {padding:0px;margin:0px;text-align:center;vertical-align:top;margin-left:auto;margin-right:auto;width:100%;cellspacing:0px;cellpadding:0px}\r\ntr                           {padding:0px;margin:0px;text-align:top;vertical-align:top;}\r\ntd                           {padding:0px;margin:0px}\r\ndiv                          {padding:0px;margin:0px}\r\ninput                        {padding:0px;margin:0px; font-family:\"Helvetica Neue\", Helvetica, Arial, sans-serif;}\r\nimg                          {padding:0px;margin:0px;}\r\nselect                       {padding:0px;margin:0px; font-family:\"Helvetica Neue\", Helvetica, Arial, sans-serif;}\r\ntextarea                     {padding:0px;margin:0px;font-family:\"Helvetica Neue\", Helvetica, Arial, sans-serif;}\r\n\r\niframe          {\r\n          border: 0px;\r\n          margin: 0px;\r\n          padding: 0px;\r\n}\r\n\r\nbody {\r\n  margin: 0;\r\n  font-family: \"Helvetica Neue\", Helvetica, Arial, sans-serif;\r\n  font-size: 13px;\r\n  line-height: 18px;\r\n  color: #202020;\r\n  background-color: #E1E8EA; \r\n\r\n}\r\n\r\na:focus, a:visited, a:hover, a:active {\r\n  outline: thin dotted #333;\r\n  outline: 5px auto -webkit-focus-ring-color;\r\n  outline-offset: -2px;\r\n  color: #202020;\r\n  text-shadow: 0 1px 1px rgba(255, 255, 255, 0.75);\r\n  text-decoration: none;\r\n}\r\n.nuHolder                    {position:relative;margin:auto;width:1100px;height:800px}\r\n.nuFileShadow                {border-bottom-left-radius:5px;border-bottom-right-radius:5px;border-top-right-radius:5px;border-top-left-radius:5px;box-shadow: 5px 5px 5px #888888;position:relative;top:170px;left:100px;margin:auto;width:280px;height:200px;font-size:16px;font-family:\"Helvetica Neue\", Helvetica, Arial, sans-serif;background-color:white}\r\n.nuShadeHolder               {border-bottom-left-radius:5px;border-bottom-right-radius:5px;border-top-right-radius:5px;border-top-left-radius:5px;box-shadow: 5px 5px 5px #888888;position:absolute;top:70px;left:0px;margin:auto;width:1002px;height:542px}\r\n.nuDialogHolder              {position:absolute;left:0px;width:1020px;height:700px;border-style:solid;border-width:1px 1px 1px 1px;border-color:grey;-moz-border-radius: 2px;border-radius: 2px;}\r\n\r\n.nuBreadCrumbHolder          {\r\n               position:absolute;\r\n               left:0px;\r\n               top:45px;\r\n               font-family:\"Helvetica Neue\", Helvetica, Arial, sans-serif;\r\n               color:#595959;\r\n               *zoom: 1;\r\n               margin-bottom: 0;\r\n               font-size: 15px;\r\n               line-height: 18px;\r\n               color: #202020;\r\n               text-shadow: 0 1px 1px rgba(255, 255, 255, 0.75);\r\n               vertical-align: middle; \r\n}\r\n.nuBreadCrumbSection {\r\n               font-family:\"Helvetica Neue\", Helvetica, Arial, sans-serif;\r\n               color: #4667A5;\r\n               *zoom: 1;\r\n               margin-bottom: 2px;\r\n               font-size: 15px;\r\n               line-height: 23px;\r\n               text-shadow: 0 1px 1px rgba(255, 255, 255, 0.75);\r\n               text-decoration: underline;\r\n               vertical-align: middle; \r\n               cursor: pointer;\r\n}\r\n\r\n.nuBreadCrumbPointer {\r\n    color: #4667A5;\r\n    font-family:\"Helvetica Neue\", Helvetica, Arial, sans-serif;\r\n    *zoom: 1;\r\n    margin-bottom: 2px;\r\n    font-size: 15px;\r\n    line-height: 23px;\r\n    text-shadow: 0 1px 1px rgba(255, 255, 255, 0.75);\r\n    vertical-align: middle; \r\n}\r\n\r\n.nuBreadCrumbSectionEnd {\r\n    font-family:\"Helvetica Neue\", Helvetica, Arial, sans-serif;\r\n    color: #4667A5;\r\n    *zoom: 1;\r\n    margin-bottom: 2px;\r\n    font-size: 15px;\r\n    line-height: 23px;\r\n    text-shadow: 0 1px 1px rgba(255, 255, 255, 0.75);\r\n    vertical-align: middle; \r\n\r\n}\r\n\r\n.nuActionButtonHolder        {position:absolute;top:15px;left:0px;width:1100px;text-align:center}\r\n\r\n.nuTabAreaHolder             {\r\n                position:absolute;\r\n                top:23px;\r\n                left:0px\r\n}\r\n\r\n.nuBrowseTabAreaHolder             {\r\n                position:absolute;\r\n                top:60px;\r\n                left:0px\r\n}\r\n\r\n.nuBrowseSearch              {color:red}\r\n\r\n.nuTabTitleHolder            {\r\n	font-family:\"Helvetica Neue\", Helvetica, Arial, sans-serif;\r\n	font-size:16px;\r\n	position:absolute;\r\n	left:0px;\r\n	top:0px;\r\n	width:1100px;\r\n	min-height:18px;\r\n	-moz-border-top-left-radius:5px;\r\n	-moz-border-top-right-radius:5px;\r\n	border-top-left-radius:5px;\r\n	border-top-right-radius:5px;\r\n	border-style:solid;\r\n	border-width:1px;border-color:grey;\r\n	width:1100px;\r\n	border-width:1px 1px 0px 1px \r\n}\r\n\r\n.nuTabTitleHolderL           {\r\n	font-family:\"Helvetica Neue\", \r\n	Helvetica, Arial, sans-serif;\r\n	font-size:16px;\r\n        position:absolute;\r\n	left:0px;\r\n	top:0px;\r\n	width:1100px;\r\n	min-height:18px;\r\n	-moz-border-top-left-radius:5px;\r\n	border-style:solid;\r\n	border-width:1px; \r\n	border-color:grey;\r\n	width:1100px;\r\n	border-width:0px 1px 0px 1px \r\n}\r\n.nuTabTitleHolderR           {\r\n	font-family:\"Helvetica Neue\", Helvetica, Arial, sans-serif;\r\n	font-size:16px;\r\n	position:absolute;\r\n	left:0px;\r\n	top:0px;\r\n	width:1100px;\r\n	min-height:18px;\r\n	-moz-border-top-right-radius:5px;\r\n	border-top-right-radius:5px;\r\n	border-style:solid;\r\n	border-width:1px; \r\n	border-color:grey;\r\n	width:1100px;\r\n	border-width:0px 1px 0px 1px \r\n}\r\n.nuTabTitleHolderC           {\r\n	font-family:\"Helvetica Neue\", Helvetica, Arial, sans-serif;\r\n	font-size:16px;\r\n	position:absolute;\r\n	left:0px;\r\n	top:0px;\r\n	width:1100px;\r\n	border-style:solid;\r\n	border-width:1px;\r\n	border-color:grey;\r\n	width:1100px;\r\n	border-width:0px 1px 0px 1px\r\n}\r\n.nuStatusHolder              {\r\n	position:absolute;\r\n	top:520px;\r\n	left:0px;\r\n	width:1100px;\r\n	height:20px;\r\n	font-family:\"Helvetica Neue\", Helvetica, Arial, sans-serif;\r\n	-moz-border-bottom-left-radius:5px;\r\n	-moz-border-bottom-right-radius:5px;\r\n	border-bottom-left-radius:5px;\r\n	border-bottom-right-radius:5px;\r\n	font-size:16px;\r\n	border-style:solid;\r\n	border-width:1px;\r\n	border-color:grey;\r\n}\r\n\r\n.nuTabTitle {\r\n  *zoom: 1;\r\n  padding: 4px 10px 4px;\r\n  margin-bottom: 0;\r\n  font-size: 13px;\r\n  line-height: 18px;\r\n  color: #202020;\r\n  text-align: center;\r\n  text-shadow: 0 1px 1px rgba(255, 255, 255, 0.75);\r\n  vertical-align: middle;\r\n  \r\n}\r\n\r\n.nuSearchColumn {\r\n *zoom: 1;\r\n  font-size: 13px;\r\n  line-height: 18px;\r\n  text-shadow: 0 1px 1px rgba(255, 255, 255, 0.75);\r\n  vertical-align: middle;\r\n\r\n}\r\n.nuBrowseCell {\r\n  *zoom: 1;\r\n  font-size: 13px;\r\n  line-height: 18px;\r\n  color: #202020;\r\n  text-shadow: 0 1px 1px rgba(255, 255, 255, 0.75);\r\n  vertical-align: middle;\r\n  border-style:solid;\r\n  border-width: 0.082em 0.082em 0.082em 0.082em; \r\n  border-color: #D3D3D3; \r\n}\r\n\r\n.nuGradient          {\r\nbackground: #e0f3fa; /* Old browsers */\r\nbackground: -moz-linear-gradient(top,  #e0f3fa 0%, #a6daea 23%, #01A6F5 100%); /* FF3.6+ */\r\nbackground: -webkit-gradient(linear, left top, left bottom, color-stop(0%,#e0f3fa), color-stop(23%,#a6daea), color-stop(100%,#01A6F5)); /* Chrome,Safari4+ */\r\nbackground: -webkit-linear-gradient(top,  #e0f3fa 0%,#a6daea 23%,#01A6F5 100%); /* Chrome10+,Safari5.1+ */\r\nbackground: -o-linear-gradient(top,  #e0f3fa 0%,#a6daea 23%,#01A6F5 100%); /* Opera 11.10+ */\r\nbackground: -ms-linear-gradient(top,  #e0f3fa 0%,#a6daea 23%,#01A6F5 100%); /* IE10+ */\r\nbackground: linear-gradient(to bottom,  #e0f3fa 0%,#a6daea 23%,#01A6F5 100%); /* W3C */\r\nfilter: progid:DXImageTransform.Microsoft.gradient( startColorstr=\'#e0f3fa\', endColorstr=\'#01A6F5\',GradientType=0 ); /* IE6-9 */\r\n}\r\n.nuTabArea            {\r\n              font-family:\"Helvetica Neue\", Helvetica, Arial, sans-serif;\r\n              position:absolute;\r\n              top:0px;\r\n              left:0px;\r\n              width:1100px;\r\n              height:605px;\r\n              border-style:solid;\r\n              border-width:0px 1px 1px 1px; \r\n              border-color:grey;\r\n              overflow:hidden;\r\n}\r\n\r\n.nuLoginBox            {\r\n              font-family:\"Helvetica Neue\", Helvetica, Arial, sans-serif;\r\n              position:absolute;\r\n              top:0px;\r\n              left:0px;\r\n              width:310px;\r\n              height:300px;\r\n              border-style:solid;\r\n              border-width: 1px 1px 1px 1px; \r\n              border-color:grey;\r\n              overflow:hidden;\r\n              background-color:#EDEDED;\r\n}\r\n.nuSelectedTab        {\r\n              font-family:\"Helvetica Neue\", Helvetica, Arial, sans-serif;\r\n              background-color:#EDEDED;\r\n              color:333333;\r\n              text-align:center;\r\n              vertical-align:top;\r\n              margin-left:auto;\r\n              margin-right:auto;\r\n\r\n}\r\n\r\n.nuUnselectedTab      {\r\n              font-family:\"Helvetica Neue\", Helvetica, Arial, sans-serif;\r\n              color: #1C2840;\r\n              text-shadow: 0 1px 1px rgba(255, 255, 255, 0.75); \r\n              cursor: pointer;\r\n}\r\n\r\n.nuGreenUnselectedTab      {\r\n              font-family:\"Helvetica Neue\", Helvetica, Arial, sans-serif;\r\n              background-color: #4FFF4F;\r\n              text-shadow: 0 1px 1px rgba(255, 255, 255, 0.75); \r\n              cursor: pointer;\r\n}\r\n\r\n.nuYellowUnselectedTab      {\r\n              font-family:\"Helvetica Neue\", Helvetica, Arial, sans-serif;\r\n               background-color: #FFFE28;\r\n              text-shadow: 0 1px 1px rgba(255, 255, 255, 0.75); \r\n              cursor: pointer;\r\n}\r\n\r\n.nuSearch             {\r\n	font-family:\"Helvetica Neue\", Helvetica, Arial, sans-serif;\r\n        background-color: #93C8F9;\r\n	*zoom: 1;\r\n        margin-bottom: 0;\r\n        font-size: 16px;\r\n        line-height: 20px;\r\n        color: #202020;\r\n        text-shadow: 0 1px 1px rgba(255, 255, 255, 0.75);\r\n        vertical-align: middle;\r\n        border: 1px solid #A8A8A8;\r\n        border-bottom-color: #999999;\r\n}\r\n\r\n.nuBrowseRowSelected {\r\n        background-color: #93C8F9;\r\n}\r\n\r\n.nuActionButton       {font-weight:500;font-family:\"Helvetica Neue\", Helvetica, Arial, sans-serif;font-size:10pt;color:Black;background-color:#F9A53A;border-color:#C46E00;border-width:1px;border-style:ridge;height:25px;display:inline-block}\r\n.nuSelectedTabTitle   {\r\n              height:22px;\r\n              -moz-border-top-left-radius:5px;\r\n              -moz-border-top-right-radius:5px;\r\n              border-top-left-radius:5px;\r\n              border-top-right-radius:5px;\r\n              border-style:solid;\r\n              border-width:1px 1px 0px 1px;\r\n              border-color: #01A6F5; \r\n}\r\n.ui-widget            {font-size: 0.8em;}\r\n.ui-autocomplete      { max-height: 200px; overflow-y: auto; overflow-x: hidden; }\r\n.browsematch          {color:red;}\r\n\r\n.nuButton {\r\n  display: inline-block;\r\n  *display: inline;\r\n  /* IE7 inline-block hack */\r\n  *zoom: 1;\r\n  /* padding: 4px 10px 4px; */\r\n  margin-bottom: 0;\r\n  font-size: 13px;\r\n  line-height: 18px;\r\n  text-align: center;\r\n  text-shadow: 0 1px 1px rgba(255, 255, 255, 0.75);\r\n  vertical-align: middle;\r\n  color: #202020;\r\n  background-color: #CCCCCC;\r\n  background-image: -moz-linear-gradient(top, #E7E7E7, #CCCCCC);\r\n  background-image: -ms-linear-gradient(top, #E7E7E7, #CCCCCC);\r\n  background-image: -webkit-gradient(linear, 0 0, 0 100%, from(#E7E7E7), to(#CCCCCC));\r\n  background-image: -webkit-linear-gradient(top, #E7E7E7, #CCCCCC);\r\n  background-image: -o-linear-gradient(top, #E7E7E7, #CCCCCC);\r\n  background-image: linear-gradient(top, #E7E7E7, #CCCCCC);\r\n  background-repeat: repeat-x;\r\n  filter: progid:DXImageTransform.Microsoft.gradient(startColorstr=\'#E7E7E7\', endColorstr=\'#CCCCCC\', GradientType=0);\r\n  border-color: #e7e7e7 #e7e7e7 #bfbfbf;\r\n  border-color: rgba(0, 0, 0, 0.1) rgba(0, 0, 0, 0.1) rgba(0, 0, 0, 0.25);\r\n  filter: progid:dximagetransform.microsoft.gradient(enabled=false);\r\n  border: 1px solid #A8A8A8;\r\n  border-bottom-color: #999999;\r\n  -webkit-border-radius: 4px;\r\n  -moz-border-radius: 4px;\r\n  border-radius: 4px;\r\n  -webkit-box-shadow: inset 0 1px 0 rgba(255, 255, 255, 0.2), 0 1px 2px rgba(0, 0, 0, 0.05);\r\n  -moz-box-shadow: inset 0 1px 0 rgba(255, 255, 255, 0.2), 0 1px 2px rgba(0, 0, 0, 0.05);\r\n  box-shadow: inset 0 1px 0 rgba(255, 255, 255, 0.2), 0 1px 2px rgba(0, 0, 0, 0.05);\r\n  cursor: pointer;\r\n  *margin-left: .3em;\r\n}\r\n\r\n.nuButtonSent {\r\n  display: inline-block;\r\n  *display: inline;\r\n  /* IE7 inline-block hack */\r\n  *zoom: 1;\r\n  /* padding: 4px 10px 4px; */\r\n  margin-bottom: 0;\r\n  font-size: 13px;\r\n  line-height: 18px;\r\n  text-align: center;\r\n  text-shadow: 0 1px 1px rgba(255, 255, 255, 0.75);\r\n  vertical-align: middle;\r\n  color: #202020;\r\n  background-color: #CCCCCC;\r\n  background-image: -moz-linear-gradient(top, #FF4A4A, #FD0000);\r\n  background-image: -ms-linear-gradient(top, #FF4A4A, #FD0000);\r\n  background-image: -webkit-gradient(linear, 0 0, 0 100%, from(#FF4A4A), to(#FD0000));\r\n  background-image: -webkit-linear-gradient(top, #FF4A4A, #FD0000);\r\n  background-image: -o-linear-gradient(top, #FF4A4A, #FD0000);\r\n  background-image: linear-gradient(top, #FF4A4A, #FD0000);\r\n  background-repeat: repeat-x;\r\n  filter: progid:DXImageTransform.Microsoft.gradient(startColorstr=\'#FF4A4A\', endColorstr=\'#FD0000\', GradientType=0);\r\n  border-color: #e7e7e7 #e7e7e7 #bfbfbf;\r\n  border-color: rgba(0, 0, 0, 0.1) rgba(0, 0, 0, 0.1) rgba(0, 0, 0, 0.25);\r\n  filter: progid:dximagetransform.microsoft.gradient(enabled=false);\r\n  border: 1px solid #A8A8A8;\r\n  border-bottom-color: #999999;\r\n  -webkit-border-radius: 4px;\r\n  -moz-border-radius: 4px;\r\n  border-radius: 4px;\r\n  -webkit-box-shadow: inset 0 1px 0 rgba(255, 255, 255, 0.2), 0 1px 2px rgba(0, 0, 0, 0.05);\r\n  -moz-box-shadow: inset 0 1px 0 rgba(255, 255, 255, 0.2), 0 1px 2px rgba(0, 0, 0, 0.05);\r\n  box-shadow: inset 0 1px 0 rgba(255, 255, 255, 0.2), 0 1px 2px rgba(0, 0, 0, 0.05);\r\n  cursor: pointer;\r\n  *margin-left: .3em;\r\n}\r\n\r\n.nuClose {\r\n  display: inline-block;\r\n  *display: inline;\r\n  /* IE7 inline-block hack */\r\n  *zoom: 1;\r\n  padding: 0px;\r\n  margin-bottom: 0;\r\n  font-size: 13px;\r\n  font-weight: bold;\r\n  line-height: 18px;\r\n  text-align: center;\r\n  text-shadow: 0 2px 2px rgba(255, 255, 255, 0.75);\r\n  vertical-align: middle;\r\n  color: #01A6F5;\r\n  background-color: #B9CACE;\r\n  background-image: -moz-linear-gradient(top, #E7E7E7, #B9CACE);\r\n  background-image: -ms-linear-gradient(top, #E7E7E7, #B9CACE);\r\n  background-image: -webkit-gradient(linear, 0 0, 0 100%, from(#E7E7E7), to(#B9CACE));\r\n  background-image: -webkit-linear-gradient(top, #E7E7E7, #B9CACE);\r\n  background-image: -o-linear-gradient(top, #E7E7E7, #B9CACE);\r\n  background-image: linear-gradient(top, #E7E7E7, #B9CACE);\r\n  background-repeat: repeat-x;\r\n  filter: progid:DXImageTransform.Microsoft.gradient(startColorstr=\'#E7E7E7\', endColorstr=\'#B9CACE\', GradientType=0);\r\n  border-color: #e7e7e7 #e7e7e7 #bfbfbf;\r\n  border-color: rgba(0, 0, 0, 0.1) rgba(0, 0, 0, 0.1) rgba(0, 0, 0, 0.25);\r\n  filter: progid:dximagetransform.microsoft.gradient(enabled=false);\r\n  border: 1px solid #A8A8A8;\r\n  border-bottom-color: #999999;\r\n  -webkit-border-radius: 4px;\r\n  -moz-border-radius: 4px;\r\n  border-radius: 4px;\r\n  -webkit-box-shadow: inset 0 1px 0 rgba(255, 255, 255, 0.2), 0 1px 2px rgba(0, 0, 0, 0.05);\r\n  -moz-box-shadow: inset 0 1px 0 rgba(255, 255, 255, 0.2), 0 1px 2px rgba(0, 0, 0, 0.05);\r\n  box-shadow: inset 0 1px 0 rgba(255, 255, 255, 0.2), 0 1px 2px rgba(0, 0, 0, 0.05);\r\n  cursor: pointer;\r\n}\r\n.nuButton:hover {\r\n  \r\n  color: #202020;\r\n  background-color: #e9f3fa;\r\n  background-image: -moz-linear-gradient(top, #a6daea, #01A6F5);\r\n  background-image: -ms-linear-gradient(top, #a6daea, #01A6F5);\r\n  background-image: -webkit-gradient(linear, 0 0, 0 100%, from(#a6daea), to(#01A6F5));\r\n  background-image: -webkit-linear-gradient(top, #a6daea, #01A6F5);\r\n  background-image: -o-linear-gradient(top, #a6daea, #01A6F5);\r\n  background-image: linear-gradient(top, #a6daea, #01A6F5);\r\n  background-repeat: repeat-x;\r\n  filter: progid:dximagetransform.microsoft.gradient(enabled=false);\r\n  border: 1px solid #A8A8A8;\r\n  border-bottom-color: #999999;\r\n}\r\n\r\n.nuClose:hover {\r\n  font-weight: normal;\r\n  color: #202020;\r\n  background-color: #e9f3fa;\r\n  background-image: -moz-linear-gradient(top, #a6daea, #01A6F5);\r\n  background-image: -ms-linear-gradient(top, #a6daea, #01A6F5);\r\n  background-image: -webkit-gradient(linear, 0 0, 0 100%, from(#a6daea), to(#01A6F5));\r\n  background-image: -webkit-linear-gradient(top, #a6daea, #01A6F5);\r\n  background-image: -o-linear-gradient(top, #a6daea, #01A6F5);\r\n  background-image: linear-gradient(top, #a6daea, #01A6F5);\r\n  background-repeat: repeat-x;\r\n  filter: progid:dximagetransform.microsoft.gradient(enabled=false);\r\n  border: 1px solid #A8A8A8;\r\n  border-bottom-color: #999999;\r\n}\r\n\r\n.nuSaveMessageProgress {\r\n     font-family: \"Helvetica Neue\", Helvetica, Arial, sans-serif;\r\n     width:100px;\r\n     height:22px;\r\n     top:10px;\r\n     left:0px;\r\n     color: #202020;\r\n     position:absolute;\r\n     font-size: 14px;\r\n     line-height: 20px;\r\n     text-align: left;\r\n     text-shadow: 0 1px 1px rgba(255, 255, 255, 0.75);\r\n     vertical-align: middle;\r\n}\r\n\r\n.nuSaveMessage {\r\n     font-family: \"Helvetica Neue\", Helvetica, Arial, sans-serif;\r\n     width:110px;\r\n     height:20px;\r\n     top:10px;\r\n     left:0px;\r\n     color: #01A6F5;\r\n     background-color: #EDEDED;\r\n     border-style: solid;\r\n     border-color: #01A6F5;\r\n     border-width: 1px;\r\n     position:absolute;\r\n     font-size: 16px;\r\n     font-weight: normal;\r\n     line-height: 18px;\r\n     text-align: center;\r\n     vertical-align: middle;\r\n     text-shadow: 0 1px 1px #E1E8EA;\r\n     -webkit-border-radius: 4px;\r\n     -moz-border-radius: 4px;\r\n     border-radius: 4px;\r\n     -webkit-box-shadow: inset 0 1px 0 rgba(255, 255, 255, 0.2), 0 1px 2px rgba(0, 0, 0, 0.05);\r\n     -moz-box-shadow: inset 0 1px 0 rgba(255, 255, 255, 0.2), 0 1px 2px rgba(0, 0, 0, 0.05);\r\n     box-shadow: inset 0 1px 0 rgba(255, 255, 255, 0.2), 0 1px 2px rgba(0, 0, 0, 0.05);\r\n     opacity:0.7\r\n\r\n}\r\n\r\n.nuNotSaved {\r\n  display: inline-block;\r\n  *display: inline;\r\n  /* IE7 inline-block hack */\r\n  *zoom: 1;\r\n  /* padding: 4px 10px 4px; */\r\n  margin-bottom: 0;\r\n  font-size: 13px;\r\n  line-height: 16px;\r\n  text-align: center;\r\n  text-shadow: 0 1px 1px rgba(255, 255, 255, 0.75);\r\n  vertical-align: middle;\r\n  color: #202020;\r\n  \r\n  -webkit-border-radius: 4px;\r\n  -moz-border-radius: 4px;\r\n  border-radius: 4px;\r\n  -webkit-box-shadow: inset 0 1px 0 rgba(255, 255, 255, 0.2), 0 1px 2px rgba(0, 0, 0, 0.05);\r\n  -moz-box-shadow: inset 0 1px 0 rgba(255, 255, 255, 0.2), 0 1px 2px rgba(0, 0, 0, 0.05);\r\n  box-shadow: inset 0 10px 0 rgba(255, 255, 255, 0.2), 0 1px 2px rgba(0, 0, 0, 0.05);\r\n  cursor: pointer;\r\n  *margin-left: .3em;\r\n\r\n  background-color: #FFB3B3;\r\n  background-image: -moz-linear-gradient(top, #FFB3B3, #FF0000);\r\n  background-image: -ms-linear-gradient(top, #FFB3B3, #FF0000);\r\n  background-image: -webkit-gradient(linear, 0 0, 0 100%, from(#FFB3B3), to(#FF0000));\r\n  background-image: -webkit-linear-gradient(top, #FFB3B3, #FF0000);\r\n  background-image: -o-linear-gradient(top, #FFB3B3, #FF0000);\r\n  background-image: linear-gradient(top, #FFB3B3, #FF0000);\r\n  background-repeat: repeat-x;\r\n  filter: progid:dximagetransform.microsoft.gradient(enabled=false);\r\n  border: 1px solid #A8A8A8;\r\n  border-bottom-color: #999999;\r\n}\r\n\r\n.nuLookup     {\r\n     background-color: #93C8F9;\r\n}\r\n\r\n.nuReadOnly     {\r\n     background-color: #CCCCCC;\r\n}\r\n\r\n.nuError {\r\n\r\n     background-color: #FF8080;\r\n\r\n}\r\n\r\n.nuFileUpload {\r\n    position:absolute;\r\n    z-index:2;\r\n    top:0;\r\n    left:0;\r\n    filter: alpha(opacity=0);\r\n    -ms-filter:\"progid:DXImageTransform.Microsoft.Alpha(Opacity=0)\";\r\n    opacity:0;\r\n    background-color:transparent;\r\n    color:transparent;\r\n    text-decoration:none;\r\n    width: 122px;\r\n    outline: 0; \r\n}\r\n.nuFileUpload:focus {\r\n    position:absolute;\r\n    z-index:2;\r\n    top:0;\r\n    left:0;\r\n    filter: alpha(opacity=0);\r\n    -ms-filter:\"progid:DXImageTransform.Microsoft.Alpha(Opacity=0)\";\r\n    opacity:0;\r\n    background-color:transparent;\r\n    color:transparent;\r\n    text-decoration:none;\r\n    width: 122px;\r\n    outline: 0; \r\n}\r\n\r\n.nuLegend   {\r\n              padding: 2px 10px 2px 10px;\r\n              -moz-border-radius:5px;\r\n              border-radius:5px;\r\n              border-style:solid;\r\n              border-width:1px;\r\n              border-color: #01A6F5;\r\n\r\n               font-family:\"Helvetica Neue\", Helvetica, Arial, sans-serif;\r\n               color: #01A6F5;\r\n               *zoom: 1;\r\n               margin-bottom: 2px;\r\n               font-size: 15px;\r\n               line-height: 23px;\r\n               text-shadow: 0 1px 1px rgba(255, 255, 255, 0.75);\r\n               text-decoration: none;\r\n               vertical-align: middle; \r\n               \r\n\r\n}\r\n.nuFieldset {\r\n              position:absolute;\r\n              left: 45px;\r\n              top: 35px;\r\n              padding: 5px;\r\n              width: 550px;\r\n              -moz-border-radius:5px;\r\n              border-radius:5px;\r\n              border-style:solid;\r\n              border-width:1px;\r\n              border-color: #01A6F5; \r\n}\r\ndl {padding: 5px;}\r\ndl dt {\r\n    float:left; \r\n    margin-right: 10px;\r\n    width: 150px;\r\n    padding: 2px;\r\n    text-align: center;\r\n    text-shadow: 0 1px 1px rgba(255, 255, 255, 0.75);\r\n    vertical-align: left;\r\n    color: #202020;\r\n    background-color: #CCCCCC;\r\n}\r\ndl dd {padding: 5px;}\r\n</style>','v3alpha','[\'nuindex\',\'nuform\',\'1455245046c010\',\'145787d61a3837\',\'14f3852d29db17\',\'nuobject\',\'51661887c32f9ec\',\'1457c6e9eb2c5b\',\'515222283d84654\',\'51636e4728362e8\',\'5164af4c18a8db5\',\'5269ae8512ebfd3\',\'14592006d24488\',\'14feb8e8026465\',\'51b7a12f0ad36a3\',\'5164b84609c9fa8\',\'51b7cf41d9f2c57\',\'nurunphp\',\'145934bea27db3\',\'1459354088b09d\',\'nurunreport\',\'nusetup\',\'1472e8ca60dec1\',\'521aa180c060e7e\',\'15023030aec83b\',\'14573719372039\',\'1455245046c010\',\'1455245046bff5\',\'1455245046bff6\',\'1455245046c003\',\'1455245046c006\',\'1455245046c009\',\'1455245046c00d\',\'1457742314bc68\',\'1455245046c01f\',\'14575d3a98d24e\',\'14575e368d59f9\',\'14575e416b71b1\',\'1457737c94bc68\',\'1457738260ebd8\',\'1457739571a2f3\',\'145773a2a6e1b9\',\'145773a500ebd8\',\'145773a9557383\',\'145773ab7798d4\',\'145773b86d8eb5\',\'145773ba26e1b9\',\'145787d61a3837\',\'145787ef89be25\',\'145787f625367a\',\'145787f999fb2e\',\'14580c083db4cb\',\'14580c11db5271\',\'14580c12e28024\',\'14580c19159999\',\'145bea9e09d919\',\'145beaa184f563\',\'145beaa6469387\',\'145beaad4c5279\',\'145beaaeb6ff1a\',\'145beab058be2c\',\'145beab28ce1bb\',\'146bc0d39115da\',\'146bc0d39135da\',\'14b171429ee70d\',\'14ea879bf7c1a3\',\'14f0247a001c92\',\'14f02480d3c322\',\'14f3852d29db17\',\'14f3852d29df28\',\'14f3852d29e0d9\',\'14f3852d29e282\',\'14f3852d29e41e\',\'14f3852d29e5b9\',\'14f3852d29e774\',\'150c0145249c92\',\'150c014660db40\',\'515377f3c87787c\',\'515e599c390d2a5\',\'515e59ae459628c\',\'51649719abe923a\',\'5186d40c2a32069\',\'decafc0ffee001\',\'decafc0ffee002\',\'decafc0ffee003\',\'145737841574fa\',\'1455245046ba0b\',\'1455245046ba0e\',\'1455245046ba12\',\'1455245046ba15\',\'1455245046ba18\',\'1455245046ba29\',\'1455245046ba2c\',\'1455245046ba2f\',\'1455245046ba33\',\'1455245046ba36\',\'1455245046ba39\',\'1455245046ba3e\',\'1455245046ba3h\',\'1455245046ba3y\',\'1455245046ba3z\',\'1455245046ba4c\',\'1455245046ba55\',\'1455245046ba58\',\'1455245046ba5b\',\'1455245046ba5e\',\'1455245046ba67\',\'1455245046ba87\',\'1455245046ba92\',\'1455245046ba95\',\'1455245046ba9f\',\'1455245046baa3\',\'1455245046baab\',\'1455245046bab3\',\'1455245046bad0\',\'1455245046bf8a\',\'1455245046bfad\',\'1455245046bfb5\',\'1455245046bfb8\',\'1455245046bfd1\',\'1455245047bca2\',\'1456ca1f6158bc\',\'1457375b63c9bb\',\'1457c6e9eb2c5b\',\'1457c73b54bc68\',\'1459593a676418\',\'1457f678cd1e6d\',\'14594a58489545\',\'1460b1faf70520\',\'14fa457aece384\',\'14fa5ac5c9a139\',\'5142b7878f23f81\',\'514799c658a9a4d\',\'51479fa5d17974d\',\'515222283d84654\',\'515223562d0a69d\',\'515223cfd1c36e2\',\'516340b344b54b4\',\'51636e4728362e8\',\'51636f427d270a5\',\'51636f63f416664\',\'51636f9b34802ec\',\'51636fb70e91bd7\',\'51636fd0b0bc8a4\',\'51636fdee304f88\',\'51636ffdcf6c6eb\',\'516370102c486a1\',\'516382387e5048d\',\'5164b96d5905c71\',\'5164afcc4510338\',\'5164b083b1b6c36\',\'5164b0b68f0ede3\',\'5164b0fcc6e8515\',\'5164e7d44a71374\',\'528a92294b7032a\',\'525b1a7d7714972\',\'5269a983bdb5bdf\',\'5269aa0e6195a30\',\'1459201a4676c8\',\'1459205808b808\',\'1459205a300368\',\'145920ac55d738\',\'14feb8e8026465\',\'14feb90091f111\',\'14feb92315662b\',\'14feb929a82943\',\'14feb92b66c04f\',\'14feb92eed6083\',\'14feb93cbbff85\',\'5165e6dbc6b9514\',\'51b7a12f0ad36a3\',\'51b7c95778fcb78\',\'5164b8ac0b51901\',\'5164b8cee0f2dbc\',\'5164b96d5905c7f\',\'5164decb1b8a612\',\'5164e46713a6765\',\'51678f239d70019\',\'51c3cabde7cd234\',\'522025e88174a00\',\'51b7cf41d9f2c57\',\'51b7cfe62d9d754\',\'14593167adb25a\',\'145934e7305862\',\'145934df1b12f7\',\'145934e14a98e5\',\'14595a08007a13\',\'14593559f334cf\',\'145935a528b09d\',\'145935a9b4e00d\',\'145935addcfb3f\',\'145935b7f8eda6\',\'1504975ff1dbbb\',\'51d630727eb5bcc\',\'51d9e82510ead25\',\'521accb821bfb3f\',\'521acce93ab0d13\',\'1459744b2e8b26\',\'145aefc5710ffa\',\'145d3d46168a33\',\'15021bce9c7549\',\'15087459201b94\',\'150cff28506bde\',\'51db33e43a91032\',\'524a51edb1281a4\',\'5271d71fedb50d1\',\'5271d7cf27280cc\',\'52818c84074eb82\',\'SMTPAUTH100001\',\'SMTPAUTH100002\',\'SMTPAUTH100003\',\'SMTPAUTH100004\',\'SMTPAUTH100005\',\'SMTPAUTH100006\',\'SMTPAUTH100007\',\'SMTPAUTH100008\',\'1472e8d3ced629\',\'1472e8d8b36588\',\'1472e8dd001218\',\'1472e93b996f3a\',\'14731218d30f34\',\'5202eafc2df64bf\',\'5202eff7ae7707a\',\'5202f0403f43ddb\',\'5202f0736f69f75\',\'5202f0d5809fafc\',\'520421ea5f5cfc9\',\'5269b7d216b8fdd\',\'52c0db485a17ec1\',\'52c0df33aad29a8\',\'150206dfea0401\',\'521aa44b5653b9d\',\'5269ec17618f6cb\',\'15023046831fc2\',\'15023043618a09\',\'1502304d649403\',\'15023052d34bc7\',\'5164b02e24345c9\',\'5164b9c2f01a215\',\'51db531fcba6bba\',\'51db53fedde9bc6\',\'51dcdd13ed27243\']','','0000-00-00 00:00:00','','2013-09-24 10:21:59','globeadmin','2013-09-24 10:21:59','globeadmin','1');
/*!40000 ALTER TABLE `zzzsys_setup` ENABLE KEYS */;
UNLOCK TABLES;

--
-- Table structure for table `zzzsys_timezone`
--

DROP TABLE IF EXISTS `zzzsys_timezone`;
/*!40101 SET @saved_cs_client     = @@character_set_client */;
/*!40101 SET character_set_client = utf8 */;
CREATE TABLE `zzzsys_timezone` (
  `zzzsys_timezone_id` varchar(25) NOT NULL,
  `zzzsys_timezone_setup` varchar(1) NOT NULL,
  `stz_timezone` mediumtext NOT NULL,
  PRIMARY KEY (`zzzsys_timezone_id`)
) ENGINE=MyISAM DEFAULT CHARSET=utf8;
/*!40101 SET character_set_client = @saved_cs_client */;

--
-- Dumping data for table `zzzsys_timezone`
--

LOCK TABLES `zzzsys_timezone` WRITE;
/*!40000 ALTER TABLE `zzzsys_timezone` DISABLE KEYS */;
INSERT INTO `zzzsys_timezone` VALUES ('52819fa3409d46f','','Africa/Abidjan'),('52819fa44106fdd','','Africa/Accra'),('52819fa54a1c5c4','','Africa/Addis_Ababa'),('52819fa64a81c45','','Africa/Algiers'),('52819fa74aef179','','Africa/Asmara'),('52819fa84b5bed6','','Africa/Asmera'),('52819fa94bc9a93','','Africa/Bamako'),('52819faa4c334ed','','Africa/Bangui'),('52819fab4c9ff3f','','Africa/Banjul'),('52819fac4d0b2f3','','Africa/Bissau'),('52819fad4d6d2ab','','Africa/Blantyre'),('52819fae4dd596d','','Africa/Brazzaville'),('52819faf4e3ea69','','Africa/Bujumbura'),('52819fb04ea2165','','Africa/Cairo'),('52819fb14f0c347','','Africa/Casablanca'),('52819fb24f7a1a9','','Africa/Ceuta'),('52819fb34feb2b9','','Africa/Conakry'),('52819fb4505727a','','Africa/Dakar'),('52819fb550bf3bd','','Africa/Dar_es_Salaam'),('52819fb6512b354','','Africa/Djibouti'),('52819fb7519de97','','Africa/Douala'),('52819fb8520ef05','','Africa/El_Aaiun'),('52819fb9527a466','','Africa/Freetown'),('52819fba52e8bfe','','Africa/Gaborone'),('52819fbb535a8db','','Africa/Harare'),('52819fbc53cc7cb','','Africa/Johannesburg'),('52819fbd543bb3d','','Africa/Juba'),('52819fbe54a483a','','Africa/Kampala'),('52819fbf550c406','','Africa/Khartoum'),('52819fc055a94f7','','Africa/Kigali'),('52819fc156a0bb9','','Africa/Kinshasa'),('52819fc2584bf74','','Africa/Lagos     '),('52819fc358f7f66','','Africa/Libreville'),('52819fc45965c0d','','Africa/Lome'),('52819fc559d1824','','Africa/Luanda'),('52819fc65a72a20','','Africa/Lubumbashi'),('52819fc75ae5c44','','Africa/Lusaka'),('52819fc85b5ca8c','','Africa/Malabo'),('52819fc95bd505d','','Africa/Maputo'),('52819fca5e1862c','','Africa/Maseru'),('52819fcb5e82cb2','','Africa/Mbabane'),('52819fcc5eebbe0','','Africa/Mogadishu'),('52819fcd5f56d2d','','Africa/Monrovia'),('52819fce5fbef7c','','Africa/Nairobi'),('52819fcf6025798','','Africa/Ndjamena'),('52819fd0608eabc','','Africa/Niamey'),('52819fd160f38e7','','Africa/Nouakchott'),('52819fd26198388','','Africa/Ouagadougou'),('52819fd36cef7d3','','Africa/Porto-Novo'),('52819fd46d5db96','','Africa/Sao_Tome'),('52819fd56e465c5','','Africa/Timbuktu'),('52819fd66eb1b1d','','Africa/Tripoli'),('52819fd76f1d1cf','','Africa/Tunis'),('52819fd86f894da','','Africa/Windhoek'),('52819fd96ff36de','','America/Adak'),('52819fda705d5db','','America/Anchorage'),('52819fdb70ca47b','','America/Anguilla'),('52819fdc713665a','','America/Antigua'),('52819fdd71a44c6','','America/Araguaina'),('52819fde7211b94','','America/Argentina/Buenos_Aires'),('52819fdf727d3b7','','America/Argentina/Catamarca'),('52819fe072e958b','','America/Argentina/ComodRivadavia'),('52819fe17352bc1','','America/Argentina/Cordoba'),('52819fe274021b6','','America/Argentina/Jujuy'),('52819fe37477a3e','','America/Argentina/La_Rioja'),('52819fe474f1b3c','','America/Argentina/Mendoza'),('52819fe5756aca9','','America/Argentina/Rio_Gallegos'),('52819fe675e3a45','','America/Argentina/Salta'),('52819fe7765b813','','America/Argentina/San_Juan'),('52819fe876d4888','','America/Argentina/San_Luis'),('52819fe97747d84','','America/Argentina/Tucuman'),('52819fea77c0dbe','','America/Argentina/Ushuaia'),('52819feb783abf9','','America/Aruba'),('52819fec78b6d98','','America/Asuncion'),('52819fed7926984','','America/Atikokan'),('52819fee799c9bd','','America/Atka'),('52819fef7a0e5c7','','America/Bahia'),('52819ff087e6620','','America/Bahia_Banderas'),('52819ff18856b00','','America/Barbados'),('52819ff2890b040','','America/Belem'),('52819ff3897c302','','America/Belize'),('52819ff489eb768','','America/Blanc-Sablon'),('52819ff58a5b604','','America/Boa_Vista'),('52819ff68acf15d','','America/Bogota'),('52819ff78b49038','','America/Boise'),('52819ff88bbf287','','America/Buenos_Aires'),('52819ff98c31a7c','','America/Cambridge_Bay'),('52819ffa8c9fd3d','','America/Campo_Grande'),('52819ffb8d0e9f3','','America/Cancun'),('52819ffc8d8294c','','America/Caracas'),('52819ffd8e40c54','','America/Catamarca'),('52819ffe8ebf7a8','','America/Cayenne'),('52819fff8f3deef','','America/Cayman'),('5281a0008fb91da','','America/Chicago'),('5281a001902eacc','','America/Chihuahua'),('5281a00290a5cdf','','America/Coral_Harbour'),('5281a0039121eb5','','America/Cordoba'),('5281a00491d04fe','','America/Costa_Rica'),('5281a00592545ff','','America/Creston'),('5281a00692d3646','','America/Cuiaba'),('5281a007935bea0','','America/Curacao'),('5281a00893dac77','','America/Danmarkshavn'),('5281a00994592a4','','America/Dawson'),('5281a00a94e4d56','','America/Dawson_Creek'),('5281a00b956da59','','America/Denver'),('5281a00c95f4f78','','America/Detroit'),('5281a00d9672fc4','','America/Dominica'),('5281a00e96f1a71','','America/Edmonton'),('5281a00f976ef28','','America/Eirunepe'),('5281a01097ec36c','','America/El_Salvador'),('5281a011986a4c9','','America/Ensenada'),('5281a01298eb04c','','America/Fort_Wayne'),('5281a013996e3cc','','America/Fortaleza'),('5281a01499ee0d7','','America/Glace_Bay'),('5281a0159a6738f','','America/Godthab'),('5281a0169ae60fb','','America/Goose_Bay'),('5281a0179b64421','','America/Grand_Turk'),('5281a0189be3e29','','America/Grenada'),('5281a0199c6344a','','America/Guadeloupe'),('5281a01a9ce3844','','America/Guatemala'),('5281a01b9d64472','','America/Guayaquil'),('5281a01c9de431f','','America/Guyana'),('5281a01d9e64a89','','America/Halifax'),('5281a01e9ee5729','','America/Havana'),('5281a01fa582b0b','','America/Hermosillo'),('5281a020a60c1cb','','America/Indiana/Indianapolis'),('5281a021a68ad1b','','America/Indiana/Knox'),('5281a022a70ab7e','','America/Indiana/Marengo'),('5281a023a78a9f8','','America/Indiana/Petersburg'),('5281a024b6c65d2','','America/Indiana/Tell_City'),('5281a025b743617','','America/Indiana/Vevay'),('5281a026b7bd32b','','America/Indiana/Vincennes'),('5281a027b83c7b7','','America/Indiana/Winamac'),('5281a028b8b5382','','America/Indianapolis'),('5281a029b92b8a4','','America/Inuvik'),('5281a02ab9a5642','','America/Iqaluit'),('5281a02bba2319a','','America/Jamaica'),('5281a02cc3580ca','','America/Jujuy'),('5281a02dc3d9b4a','','America/Juneau'),('5281a02ec4b4b08','','America/Kentucky/Louisville'),('5281a02fc57ddcd','','America/Kentucky/Monticello'),('5281a030c5f7f87','','America/Knox_IN'),('5281a031c67163d','','America/Kralendijk'),('5281a032c6ecabc','','America/La_Paz'),('5281a033c7667a3','','America/Lima'),('5281a034c7e4ccf','','America/Los_Angeles'),('5281a035c860612','','America/Louisville'),('5281a036c8dfceb','','America/Lower_Princes'),('5281a037c95acd2','','America/Maceio'),('5281a038c9dae4d','','America/Managua'),('5281a039ca5fd3d','','America/Manaus'),('5281a03ad4029d7','','America/Marigot'),('5281a03bd4800a8','','America/Martinique'),('5281a03cd4f8d9d','','America/Matamoros'),('5281a03dd56f298','','America/Mazatlan'),('5281a03ed5eb8a2','','America/Mendoza'),('5281a03fd6686ad','','America/Menominee'),('5281a040d6e2a6f','','America/Merida'),('5281a041d776ec4','','America/Metlakatla'),('5281a042d7f6261','','America/Mexico_City'),('5281a043d874e50','','America/Miquelon'),('5281a044d8f40df','','America/Moncton'),('5281a045d96f56b','','America/Monterrey'),('5281a046d9eebc9','','America/Montevideo'),('5281a047da6f51b','','America/Montreal'),('5281a048daec32f','','America/Montserrat'),('5281a049db6c822','','America/Nassau'),('5281a04adbebf83','','America/New_York'),('5281a04be29de22','','America/Nipigon'),('5281a04ce3791ab','','America/Nome'),('5281a04de4621e6','','America/Noronha'),('5281a04ee4e9d8a','','America/North_Dakota/Beulah'),('5281a04fe56a837','','America/North_Dakota/Center'),('5281a050e5ec3bf','','America/North_Dakota/New_Salem'),('5281a051e66c226','','America/Ojinaga'),('5281a052e6eb6b1','','America/Panama'),('5281a053e771ebf','','America/Pangnirtung'),('5281a054e7f5d06','','America/Paramaribo'),('5281a055e87432b','','America/Phoenix'),('5281a056f3e39a9','','America/Port-au-Prince'),('5281a058008a8ad','','America/Port_of_Spain'),('5281a059011444a','','America/Porto_Acre'),('5281a05a019da2e','','America/Porto_Velho'),('5281a05b02270ec','','America/Puerto_Rico'),('5281a05c02b2d2e','','America/Rainy_River'),('5281a05d0abd421','','America/Rankin_Inlet'),('5281a05e0b23bbb','','America/Recife'),('5281a05f0ba9fac','','America/Regina'),('5281a0600c2a582','','America/Resolute'),('5281a0610cf1e16','','America/Rio_Branco'),('5281a0620d6e73e','','America/Rosario'),('5281a0630df269f','','America/Santa_Isabel'),('5281a0640e7c243','','America/Santarem'),('5281a0650f00b2b','','America/Santiago'),('5281a0660f81e90','','America/Santo_Domingo'),('5281a0671001fe9','','America/Sao_Paulo'),('5281a06816b015a','','America/Scoresbysund'),('5281a0691738a17','','America/Shiprock'),('5281a06a17c07af','','America/Sitka'),('5281a06b184793e','','America/St_Barthelemy'),('5281a06c18cefca','','America/St_Johns'),('5281a06d195ad37','','America/St_Kitts'),('5281a06e19dcad8','','America/St_Lucia'),('5281a06f1ab84cc','','America/St_Thomas'),('5281a0701b4895b','','America/St_Vincent'),('5281a0711bdc9cb','','America/Swift_Current'),('5281a0721c6d284','','America/Tegucigalpa'),('5281a0731cfe848','','America/Thule'),('5281a0741d90667','','America/Thunder_Bay'),('5281a0751e22f0d','','America/Tijuana'),('5281a0761efa34f','','America/Toronto'),('5281a0771f90738','','America/Tortola'),('5281a0782119266','','America/Vancouver'),('5281a07921a60bc','','America/Virgin'),('5281a07a2262248','','America/Whitehorse'),('5281a07b22f5dc0','','America/Winnipeg'),('5281a07c2387969','','America/Yakutat'),('5281a07d24138e6','','America/Yellowknife'),('5281a07e24a3926','','Antarctica/Casey'),('5281a07f253cc33','','Antarctica/Davis'),('5281a080261a293','','Antarctica/DumontDUrville'),('5281a08126af775','','Antarctica/Macquarie'),('5281a082274083d','','Antarctica/Mawson'),('5281a0832b865db','','Antarctica/McMurdo'),('5281a0842c1a6a4','','Antarctica/Palmer'),('5281a0852cac95d','','Antarctica/Rothera'),('5281a0862d3c98a','','Antarctica/South_Pole'),('5281a0872dca2fd','','Antarctica/Syowa'),('5281a0882e5a3db','','Antarctica/Vostok'),('5281a0892ef8f3e','','Arctic/Longyearbyen'),('5281a08a2f8c58e','','Asia/Aden'),('5281a08b392c116','','Asia/Almaty'),('5281a08c39bfc99','','Asia/Amman'),('5281a08d3a9af97','','Asia/Anadyr'),('5281a08e3afe663','','Asia/Aqtau'),('5281a08f3b8ffbf','','Asia/Aqtobe'),('5281a0903c1eb18','','Asia/Ashgabat'),('5281a0913cad956','','Asia/Ashkhabad'),('5281a0923d493e0','','Asia/Baghdad'),('5281a0933db361c','','Asia/Bahrain'),('5281a0943e4d693','','Asia/Baku'),('5281a0953ee5155','','Asia/Bangkok'),('5281a0963f77c2f','','Asia/Beirut'),('5281a09740551ac','','Asia/Bishkek'),('5281a09840eba22','','Asia/Brunei'),('5281a0994183708','','Asia/Calcutta'),('5281a09a421c122','','Asia/Choibalsan'),('5281a09b42b4a59','','Asia/Chongqing'),('5281a09c434d7a2','','Asia/Chungking'),('5281a09d5004cfc','','Asia/Colombo'),('5281a09e50a0bc7','','Asia/Dacca'),('5281a09f5139227','','Asia/Damascus'),('5281a0a051ccb15','','Asia/Dhaka'),('5281a0a15264929','','Asia/Dili'),('5281a0a25931d48','','Asia/Dubai'),('5281a0a359c69e6','','Asia/Dushanbe'),('5281a0a45a5d9dd','','Asia/Gaza'),('5281a0a55af5fb5','','Asia/Harbin'),('5281a0a6683a809','','Asia/Hebron'),('5281a0a768ccd66','','Asia/Ho_Chi_Minh'),('5281a0a87491a25','','Asia/Hong_Kong'),('5281a0a975249f9','','Asia/Hovd'),('5281a0aa75b1122','','Asia/Irkutsk'),('5281a0ab763ee82','','Asia/Istanbul'),('5281a0ac76d0bba','','Asia/Jakarta'),('5281a0ad7762040','','Asia/Jayapura'),('5281a0ae77f9979','','Asia/Jerusalem'),('5281a0af7888b2a','','Asia/Kabul'),('5281a0b07f60fbd','','Asia/Kamchatka'),('5281a0b17ff7b93','','Asia/Karachi'),('5281a0b2808875b','','Asia/Kashgar'),('5281a0b38121eec','','Asia/Kathmandu'),('5281a0b481b3f82','','Asia/Katmandu'),('5281a0b582467de','','Asia/Khandyga'),('5281a0b682d7c6b','','Asia/Kolkata'),('5281a0b7836a737','','Asia/Krasnoyarsk'),('5281a0b883fc097','','Asia/Kuala_Lumpur'),('5281a0b984900e1','','Asia/Kuching'),('5281a0ba9625309','','Asia/Kuwait'),('5281a0bb9995a61','','Asia/Macao'),('5281a0bc9b6658f','','Asia/Macau'),('5281a0bda2c3f39','','Asia/Magadan'),('5281a0bea353642','','Asia/Makassar'),('5281a0bfa3e3403','','Asia/Manila'),('5281a0c0a47b670','','Asia/Muscat'),('5281a0c1a513266','','Asia/Nicosia'),('5281a0c2a5a914a','','Asia/Novokuznetsk'),('5281a0c3a63e893','','Asia/Novosibirsk'),('5281a0c4a6cfff2','','Asia/Omsk'),('5281a0c5ac5370d','','Asia/Oral'),('5281a0c6ad3a016','','Asia/Phnom_Penh'),('5281a0c7add4a83','','Asia/Pontianak'),('5281a0c8ae6fc1d','','Asia/Pyongyang'),('5281a0c9af084a7','','Asia/Qatar'),('5281a0caaf9a3f7','','Asia/Qyzylorda'),('5281a0cbb029a0f','','Asia/Rangoon'),('5281a0ccb0b8ed7','','Asia/Riyadh'),('5281a0cdb14f26f','','Asia/Saigon'),('5281a0ceb1e6900','','Asia/Sakhalin'),('5281a0cfb27e770','','Asia/Samarkand'),('5281a0d0b310ab9','','Asia/Seoul'),('5281a0d1b3a71fe','','Asia/Shanghai'),('5281a0d2b43caed','','Asia/Singapore'),('5281a0d3b4ce508','','Asia/Taipei'),('5281a0d4b5675f0','','Asia/Tashkent'),('5281a0d5b6195f2','','Asia/Tbilisi'),('5281a0d6b6a9048','','Asia/Tehran'),('5281a0d7b738dfa','','Asia/Tel_Aviv'),('5281a0d8b7ca13e','','Asia/Thimbu'),('5281a0d9c3af580','','Asia/Thimphu'),('5281a0dac410be3','','Asia/Tokyo'),('5281a0dbc498d19','','Asia/Ujung_Pandang'),('5281a0dcc5452d8','','Asia/Ulaanbaatar'),('5281a0ddc5cffcb','','Asia/Ulan_Bator'),('5281a0dec72d2c8','','Asia/Urumqi'),('5281a0dfc802643','','Asia/Ust-Nera'),('5281a0e0c8a8864','','Asia/Vientiane'),('5281a0e1c97ee98','','Asia/Vladivostok'),('5281a0e2c9f8bff','','Asia/Yakutsk'),('5281a0e3ca96355','','Asia/Yekaterinburg'),('5281a0e4cb41fb8','','Asia/Yerevan'),('5281a0e5cbd2ab3','','Atlantic/Azores'),('5281a0e6cc39d74','','Atlantic/Bermuda'),('5281a0e7cd08d1f','','Atlantic/Canary'),('5281a0e8cdf71cd','','Atlantic/Cape_Verde'),('5281a0e9cee78d7','','Atlantic/Faeroe'),('5281a0eacf865b6','','Atlantic/Faroe'),('5281a0ebd023d83','','Atlantic/Jan_Mayen'),('5281a0ecd083a61','','Atlantic/Madeira'),('5281a0edd11319e','','Atlantic/Reykjavik'),('5281a0eed19481b','','Atlantic/South_Georgia'),('5281a0efd1f32fb','','Atlantic/St_Helena'),('5281a0f0d28596b','','Atlantic/Stanley'),('5281a0f1d34022d','','Australia/ACT'),('5281a0f2d414c2c','','Australia/Adelaide'),('5281a0f3d50b948','','Australia/Brisbane'),('5281a0f4d5ad53b','','Australia/Broken_Hill'),('5281a0f5d6511b5','','Australia/Canberra'),('5281a0f6d6f2fcb','','Australia/Currie'),('5281a0f7d793413','','Australia/Darwin'),('5281a0f8d837181','','Australia/Eucla'),('5281a0f9d8d96a3','','Australia/Hobart'),('5281a0fad975081','','Australia/LHI'),('5281a0fbda115d9','','Australia/Lindeman'),('5281a0fcdab0d34','','Australia/Lord_Howe'),('5281a0fddb58517','','Australia/Melbourne'),('5281a0fedbfa7e6','','Australia/North'),('5281a0ffdc99118','','Australia/NSW'),('5281a100dd385a2','','Australia/Perth'),('5281a101ddd8257','','Australia/Queensland'),('5281a102de7b7a9','','Australia/South'),('5281a103df20a58','','Australia/Sydney'),('5281a104dfc5885','','Australia/Tasmania'),('5281a105e06a9b6','','Australia/Victoria'),('5281a106e10f94a','','Australia/West'),('5281a107e1b7664','','Australia/Yancowinna'),('5281a108e25bc93','','Brazil/Acre'),('5281a109e3d5d6e','','Brazil/DeNoronha'),('5281a10ae43d03b','','Brazil/East'),('5281a10be4de708','','Brazil/West'),('5281a10ce57f01e','','Canada/Atlantic'),('5281a10de622257','','Canada/Central'),('5281a10ee6bf449','','Canada/East-Saskatchewan'),('5281a10fe75f2c4','','Canada/Eastern'),('5281a110e80412c','','Canada/Mountain'),('5281a111e8ab026','','Canada/Newfoundland'),('5281a112e94ed84','','Canada/Pacific'),('5281a113e9f0daa','','Canada/Saskatchewan'),('5281a114f0b9085','','Canada/Yukon'),('5281a115f1557e0','','CET'),('5281a116f1f4f2e','','Chile/Continental'),('5281a117f296fd5','','Chile/EasterIsland'),('5281a118f33df3d','','CST6CDT'),('5281a119f3e04e9','','Cuba'),('5281a11b005e55d','','EET'),('5281a11c00fa005','','Egypt'),('5281a11d01970ad','','Eire'),('5281a11e027c729','','EST'),('5281a11f031f564','','EST5EDT'),('5281a12003bd2d8','','Etc/GMT'),('5281a121045accb','','Etc/GMT+0'),('5281a1220508372','','Etc/GMT+1'),('5281a12305b7170','','Etc/GMT+10'),('5281a12406b3d0a','','Etc/GMT+11'),('5281a125075e837','','Etc/GMT+12'),('5281a126080e0f2','','Etc/GMT+2'),('5281a12708c2a64','','Etc/GMT+3'),('5281a128097255f','','Etc/GMT+4'),('5281a1290a6ffbc','','Etc/GMT+5'),('5281a12a0b21a7c','','Etc/GMT+6'),('5281a12b0bcc422','','Etc/GMT+7'),('5281a12c0c747f2','','Etc/GMT+8'),('5281a12d0d21e28','','Etc/GMT+9'),('5281a12e0dd3691','','Etc/GMT-0'),('5281a12f14f8806','','Etc/GMT-1'),('5281a13015ad04a','','Etc/GMT-10'),('5281a131165c9a8','','Etc/GMT-11'),('5281a132170a862','','Etc/GMT-12'),('5281a13317ba384','','Etc/GMT-13'),('5281a1341865467','','Etc/GMT-14'),('5281a1351915ab2','','Etc/GMT-2'),('5281a13619c9d77','','Etc/GMT-3'),('5281a1371a7a768','','Etc/GMT-4'),('5281a1381b291ad','','Etc/GMT-5'),('5281a1391bd512c','','Etc/GMT-6'),('5281a13a1cdc706','','Etc/GMT-7'),('5281a13b1dde432','','Etc/GMT-8'),('5281a13c1e901f3','','Etc/GMT-9'),('5281a13d1f4118d','','Etc/GMT0'),('5281a13e1fecf31','','Etc/Greenwich'),('5281a13f20ea1f3','','Etc/UCT'),('5281a14021ecc1a','','Etc/Universal'),('5281a141276c8dd','','Etc/UTC'),('5281a1422870f52','','Etc/Zulu'),('5281a14328d7e27','','Europe/Amsterdam'),('5281a144293e781','','Europe/Andorra'),('5281a14529a6597','','Europe/Athens'),('5281a1462a2183d','','Europe/Belfast'),('5281a1472b27ab5','','Europe/Belgrade'),('5281a1482b95f9d','','Europe/Berlin'),('5281a1492c3f8d0','','Europe/Bratislava'),('5281a14a2d40451','','Europe/Brussels'),('5281a14b2de356d','','Europe/Bucharest'),('5281a14c2e8003e','','Europe/Budapest'),('5281a14d2ef47a3','','Europe/Busingen'),('5281a14e2f9d4cf','','Europe/Chisinau'),('5281a14f3048453','','Europe/Copenhagen'),('5281a15030f2b55','','Europe/Dublin'),('5281a1513ce8a90','','Europe/Gibraltar'),('5281a1523d9455c','','Europe/Guernsey'),('5281a1533e3ecc9','','Europe/Helsinki'),('5281a1543ee5f5a','','Europe/Isle_of_Man'),('5281a1553fb3f61','','Europe/Istanbul'),('5281a15640623f7','','Europe/Jersey'),('5281a1574109a27','','Europe/Kaliningrad'),('5281a158421be40','','Europe/Kiev'),('5281a15942d2df1','','Europe/Lisbon'),('5281a15a4387b4d','','Europe/Ljubljana'),('5281a15b443824d','','Europe/London'),('5281a15c44ee825','','Europe/Luxembourg'),('5281a15d459a699','','Europe/Madrid'),('5281a15e46aa01e','','Europe/Malta'),('5281a15f4756ead','','Europe/Mariehamn'),('5281a16048033d3','','Europe/Minsk'),('5281a16148b02d8','','Europe/Monaco'),('5281a162495ae00','','Europe/Moscow'),('5281a1634a06938','','Europe/Nicosia'),('5281a1644ab2537','','Europe/Oslo'),('5281a1654b607a0','','Europe/Paris'),('5281a1664c0a464','','Europe/Podgorica'),('5281a1675297098','','Europe/Prague'),('5281a168534cbef','','Europe/Riga'),('5281a16953c1632','','Europe/Rome'),('5281a16a546eb1c','','Europe/Samara'),('5281a16b55183d6','','Europe/San_Marino'),('5281a16c55c3e49','','Europe/Sarajevo'),('5281a16d567a909','','Europe/Simferopol'),('5281a16e578c5ca','','Europe/Skopje'),('5281a16f58a0561','','Europe/Sofia'),('5281a17059b7e00','','Europe/Stockholm'),('5281a1715ada39c','','Europe/Tallinn'),('5281a1725b981dd','','Europe/Tirane'),('5281a1735c520ab','','Europe/Tiraspol'),('5281a1745d0c5ff','','Europe/Uzhgorod'),('5281a1755dc75a3','','Europe/Vaduz'),('5281a1765e7ec77','','Europe/Vatican'),('5281a1775f33528','','Europe/Vienna'),('5281a1785fee51e','','Europe/Vilnius'),('5281a17960a75a5','','Europe/Volgograd'),('5281a17a61653f3','','Europe/Warsaw'),('5281a17b621c391','','Europe/Zagreb'),('5281a17c62d8149','','Europe/Zaporozhye'),('5281a17d6394bdc','','Europe/Zurich'),('5281a17e64b04e6','','Factory'),('5281a17f6566ce7','','GB'),('5281a180667b0ff','','GB-Eire'),('5281a18167364aa','','GMT'),('5281a18267f39f3','','GMT+0'),('5281a183690a029','','GMT-0'),('5281a18469c9b45','','GMT0'),('5281a1856a822c1','','Greenwich'),('5281a1866b3a73f','','Hongkong'),('5281a1876bf5f3f','','HST'),('5281a1886cbc018','','Iceland'),('5281a1896d7af41','','Indian/Antananarivo'),('5281a18a6e38d94','','Indian/Chagos'),('5281a18b6ef1055','','Indian/Christmas'),('5281a18c6fa914a','','Indian/Cocos'),('5281a18d716cac2','','Indian/Comoro'),('5281a18e727f96b','','Indian/Kerguelen'),('5281a18f7335833','','Indian/Mahe'),('5281a1907dbe28e','','Indian/Maldives'),('5281a1917e7a840','','Indian/Mauritius'),('5281a1927f358dc','','Indian/Mayotte'),('5281a1937ffce01','','Indian/Reunion'),('5281a19480b8eb3','','Iran'),('5281a1958174e03','','Israel'),('5281a1968236672','','Jamaica'),('5281a1978349c3b','','Japan'),('5281a19884666fe','','Kwajalein'),('5281a19985161dc','','Libya'),('5281a19a85d936f','','MET'),('5281a19b869ac55','','Mexico/BajaNorte'),('5281a19c8755b50','','Mexico/BajaSur'),('5281a19d8805651','','Mexico/General'),('5281a19e88c6791','','MST'),('5281a19f8a9df7c','','MST7MDT'),('5281a1a08b568c9','','Navajo'),('5281a1a18c10637','','NZ'),('5281a1a28cc076a','','NZ-CHAT'),('5281a1a38db68d2','','Pacific/Apia'),('5281a1a48edbfe0','','Pacific/Auckland'),('5281a1a58f97f6b','','Pacific/Chatham'),('5281a1a690adea0','','Pacific/Chuuk'),('5281a1a7914900c','','Pacific/Easter'),('5281a1a89202f8f','','Pacific/Efate'),('5281a1a992be08a','','Pacific/Enderbury'),('5281a1aa9376832','','Pacific/Fakaofo'),('5281a1ab969470b','','Pacific/Fiji'),('5281a1ac9755655','','Pacific/Funafuti'),('5281a1ad9816446','','Pacific/Galapagos'),('5281a1ae98d3fae','','Pacific/Gambier'),('5281a1af9991f3e','','Pacific/Guadalcanal'),('5281a1b09a4fddd','','Pacific/Guam'),('5281a1b19b0cfd2','','Pacific/Honolulu'),('5281a1b29faa3dd','','Pacific/Johnston'),('5281a1b3a0d3019','','Pacific/Kiritimati'),('5281a1b4a18cdc0','','Pacific/Kosrae'),('5281a1b5a2a9fe4','','Pacific/Kwajalein'),('5281a1b6a366199','','Pacific/Majuro'),('5281a1b7a41e352','','Pacific/Marquesas'),('5281a1b8a543c50','','Pacific/Midway'),('5281a1b9a65d08d','','Pacific/Nauru'),('5281a1baa7229e2','','Pacific/Niue'),('5281a1bba7e9f84','','Pacific/Norfolk'),('5281a1bca8aff1f','','Pacific/Noumea'),('5281a1bda973ea9','','Pacific/Pago_Pago'),('5281a1beaa37ad1','','Pacific/Palau'),('5281a1bfaaf8959','','Pacific/Pitcairn'),('5281a1c0abb94a6','','Pacific/Pohnpei'),('5281a1c1ac7d9a4','','Pacific/Ponape'),('5281a1c2adaeefc','','Pacific/Port_Moresby'),('5281a1c3ae74c55','','Pacific/Rarotonga'),('5281a1c4af3715e','','Pacific/Saipan'),('5281a1c5aff8b7a','','Pacific/Samoa'),('5281a1c6b0be317','','Pacific/Tahiti'),('5281a1c7b7d1d5a','','Pacific/Tarawa'),('5281a1c8b88aa9e','','Pacific/Tongatapu'),('5281a1c9b9b4eb9','','Pacific/Truk'),('5281a1caba3a73f','','Pacific/Wake'),('5281a1cbbb03788','','Pacific/Wallis'),('5281a1ccc0a2ed7','','Pacific/Yap'),('5281a1cdc1ce40f','','Poland'),('5281a1cec2b8c7b','','Portugal'),('5281a1cfc380ffd','','PRC'),('5281a1d0c44a02a','','PST8PDT'),('5281a1d1c5090a1','','ROC'),('5281a1d2c5cc7f0','','ROK'),('5281a1d3c69078e','','Singapore'),('5281a1d4c757c4b','','Turkey'),('5281a1d5c82280a','','UCT'),('5281a1d6c8ec435','','Universal'),('5281a1d7c9af2ed','','US/Alaska'),('5281a1d8cabf7f1','','US/Aleutian'),('5281a1d9cb7bad5','','US/Arizona'),('5281a1dacc37651','','US/Central'),('5281a1dbccf3617','','US/East-Indiana'),('5281a1dcce1ad1c','','US/Eastern'),('5281a1ddcee9e3c','','US/Hawaii'),('5281a1decfb3884','','US/Indiana-Starke'),('5281a1dfd0d95b2','','US/Michigan'),('5281a1e0d1a0e86','','US/Mountain'),('5281a1e1d267cf9','','US/Pacific'),('5281a1e2d332a62','','US/Pacific-New'),('5281a1e3d3f844f','','US/Samoa'),('5281a1e4d4c2232','','UTC'),('5281a1e5d5896c1','','W-SU'),('5281a1e6d64f54c','','WET'),('5281a1e7d719d77','','Zulu');
/*!40000 ALTER TABLE `zzzsys_timezone` ENABLE KEYS */;
UNLOCK TABLES;

--
-- Table structure for table `zzzsys_translate`
--

DROP TABLE IF EXISTS `zzzsys_translate`;
/*!40101 SET @saved_cs_client     = @@character_set_client */;
/*!40101 SET character_set_client = utf8 */;
CREATE TABLE `zzzsys_translate` (
  `zzzsys_translate_id` varchar(25) NOT NULL DEFAULT '',
  `zzzsys_translate_setup` varchar(1) NOT NULL,
  `trl_language` varchar(20) NOT NULL,
  `trl_english` varchar(300) NOT NULL,
  `trl_translation` varchar(300) NOT NULL,
  `zzzsys_translate_log_added_at` datetime NOT NULL,
  `zzzsys_translate_log_added_by` varchar(25) NOT NULL,
  `zzzsys_translate_log_changed_at` datetime NOT NULL,
  `zzzsys_translate_log_changed_by` varchar(25) NOT NULL,
  `zzzsys_translate_log_viewed_at` datetime NOT NULL,
  `zzzsys_translate_log_viewed_by` varchar(25) NOT NULL,
  PRIMARY KEY (`zzzsys_translate_id`),
  KEY `trl_language` (`trl_language`),
  KEY `trl_english` (`trl_english`(255))
) ENGINE=InnoDB DEFAULT CHARSET=utf8;
/*!40101 SET character_set_client = @saved_cs_client */;

--
-- Dumping data for table `zzzsys_translate`
--

LOCK TABLES `zzzsys_translate` WRITE;
/*!40000 ALTER TABLE `zzzsys_translate` DISABLE KEYS */;
INSERT INTO `zzzsys_translate` VALUES ('150118c271e7e9','','spanish','Add Record','Aadir Registro','0000-00-00 00:00:00','','0000-00-00 00:00:00','','0000-00-00 00:00:00',''),('150118c4b6e9a5','','spanish','Are You Sure?',' Esta Seguro ?','0000-00-00 00:00:00','','0000-00-00 00:00:00','','0000-00-00 00:00:00',''),('150118c97726af','','spanish','Cancel','Cancelar','0000-00-00 00:00:00','','0000-00-00 00:00:00','','0000-00-00 00:00:00',''),('150118caf98909','','spanish','Attached Report','Informe Adjunto','0000-00-00 00:00:00','','0000-00-00 00:00:00','','0000-00-00 00:00:00',''),('150118cd14c455','','spanish','Clone','Duplicar','0000-00-00 00:00:00','','0000-00-00 00:00:00','','0000-00-00 00:00:00',''),('150118ce7a4024','','spanish','Close','Cerrar','0000-00-00 00:00:00','','0000-00-00 00:00:00','','0000-00-00 00:00:00',''),('150118cfb29f04','','spanish','Delete','Borrar','0000-00-00 00:00:00','','0000-00-00 00:00:00','','0000-00-00 00:00:00',''),('150118d56aba36','','spanish','Email Successfully Sent','Correo enviado correctamente','0000-00-00 00:00:00','','0000-00-00 00:00:00','','0000-00-00 00:00:00',''),('150118d71e8ac6','','spanish','Error!',' Error !','0000-00-00 00:00:00','','0000-00-00 00:00:00','','0000-00-00 00:00:00',''),('150118d8ed96a2','','spanish','Filetype','Tipo de fichero','0000-00-00 00:00:00','','0000-00-00 00:00:00','','0000-00-00 00:00:00',''),('150118d9f9c612','','spanish','From','Desde','0000-00-00 00:00:00','','0000-00-00 00:00:00','','0000-00-00 00:00:00',''),('150118db640d3a','','spanish','HOME','INICIO','0000-00-00 00:00:00','','0000-00-00 00:00:00','','0000-00-00 00:00:00',''),('150118dcdc286c','','spanish','Logout','Cerrar Sesin','0000-00-00 00:00:00','','0000-00-00 00:00:00','','0000-00-00 00:00:00',''),('150118de11e7ea','','spanish','Message','Mensaje','0000-00-00 00:00:00','','0000-00-00 00:00:00','','0000-00-00 00:00:00',''),('150118de898909','','spanish','No','No','0000-00-00 00:00:00','','0000-00-00 00:00:00','','0000-00-00 00:00:00',''),('150118e0cec7cf','','spanish','Ok','OK','0000-00-00 00:00:00','','0000-00-00 00:00:00','','0000-00-00 00:00:00',''),('150118e1d16dd7','','spanish','Page','Pgina','0000-00-00 00:00:00','','0000-00-00 00:00:00','','0000-00-00 00:00:00',''),('150118e43a7d2c','','spanish','Please input a filename','Introduce el nombrel del Fichero','0000-00-00 00:00:00','','0000-00-00 00:00:00','','0000-00-00 00:00:00',''),('150118e90894e5','','spanish','Please input a valid email address to send from','Introduce una direccin valida de origen del correo','0000-00-00 00:00:00','','0000-00-00 00:00:00','','0000-00-00 00:00:00',''),('150118ed66ac9c','','spanish','Please input an email address to send from','Introduce la direccin de origen del correo','0000-00-00 00:00:00','','0000-00-00 00:00:00','','0000-00-00 00:00:00',''),('150118f37ca27e','','spanish','Please see your<BR>System Administrator','Ponte en contacto <BR>con el Administrador del Sistema','0000-00-00 00:00:00','','0000-00-00 00:00:00','','0000-00-00 00:00:00',''),('150118f4f29f04','','spanish','Please Wait...','Por favor espere ...','0000-00-00 00:00:00','','0000-00-00 00:00:00','','0000-00-00 00:00:00',''),('150118f60ec7cf','','spanish','Print','Imprimir','0000-00-00 00:00:00','','0000-00-00 00:00:00','','0000-00-00 00:00:00',''),('150118f77f41e1','','spanish','ReplyTo','Respoder a ','0000-00-00 00:00:00','','0000-00-00 00:00:00','','0000-00-00 00:00:00',''),('150118f8f66f94','','spanish','Report ID','ID del Informe','0000-00-00 00:00:00','','0000-00-00 00:00:00','','0000-00-00 00:00:00',''),('150118fa253e67','','spanish','Save','Guardar','0000-00-00 00:00:00','','0000-00-00 00:00:00','','0000-00-00 00:00:00',''),('150118fb84874c','','spanish','Search','Buscar','0000-00-00 00:00:00','','0000-00-00 00:00:00','','0000-00-00 00:00:00',''),('150118fcf4874c','','spanish','Send Email','Enviar Email','0000-00-00 00:00:00','','0000-00-00 00:00:00','','0000-00-00 00:00:00',''),('150118fef130ce','','spanish','Send Read Receipt','Enviar Acuse Lectura','0000-00-00 00:00:00','','0000-00-00 00:00:00','','0000-00-00 00:00:00',''),('15011904931916','','spanish','SMTP Email Information Not Setup','No esta configurado el SMTP del correo','0000-00-00 00:00:00','','0000-00-00 00:00:00','','0000-00-00 00:00:00',''),('15011905990ef7','','spanish','Subject','Asunto','0000-00-00 00:00:00','','0000-00-00 00:00:00','','0000-00-00 00:00:00',''),('15011908081ad3','','spanish','The Email Is Sending','El correo se esta enviando','0000-00-00 00:00:00','','0000-00-00 00:00:00','','0000-00-00 00:00:00',''),('15011909339328','','spanish','To','a','0000-00-00 00:00:00','','0000-00-00 00:00:00','','0000-00-00 00:00:00',''),('15011909ecdf87','','spanish','Yes','Si','0000-00-00 00:00:00','','0000-00-00 00:00:00','','0000-00-00 00:00:00',''),('1501190c753e67','','spanish','You are here','Estas aqu','0000-00-00 00:00:00','','0000-00-00 00:00:00','','0000-00-00 00:00:00',''),('15011940ccee87','','spanish','Please input an email address to send to','Introduce la direccin de destino del correo','0000-00-00 00:00:00','','0000-00-00 00:00:00','','0000-00-00 00:00:00',''),('15011945e3651f','','spanish','Please input valid email address(es) to send to','Introduce la(s) direccione(s) valida(s) de destino(s) del correo','0000-00-00 00:00:00','','0000-00-00 00:00:00','','0000-00-00 00:00:00',''),('150242be5430a1','','gr','Close','','0000-00-00 00:00:00','','0000-00-00 00:00:00','','0000-00-00 00:00:00',''),('150242be5430a5','','gr','Are You Sure?',' ;','0000-00-00 00:00:00','','0000-00-00 00:00:00','','0000-00-00 00:00:00',''),('150242be5430a8','','gr','Print','','0000-00-00 00:00:00','','0000-00-00 00:00:00','','0000-00-00 00:00:00',''),('150242be5430ab','','gr','Save','','0000-00-00 00:00:00','','0000-00-00 00:00:00','','0000-00-00 00:00:00',''),('150242be5430b0','','gr','Add Record',' ','0000-00-00 00:00:00','','0000-00-00 00:00:00','','2013-09-24 09:22:01','globeadmin'),('150242be5430b3','','gr','Clone','','0000-00-00 00:00:00','','0000-00-00 00:00:00','','0000-00-00 00:00:00',''),('150242be5430bc','','gr','Logout','','0000-00-00 00:00:00','','0000-00-00 00:00:00','','0000-00-00 00:00:00',''),('150242be5430bf','','gr','Page','','0000-00-00 00:00:00','','0000-00-00 00:00:00','','0000-00-00 00:00:00',''),('150242be5430c1','','gr','Search','','0000-00-00 00:00:00','','0000-00-00 00:00:00','','0000-00-00 00:00:00',''),('150242be5430c4','','gr','You are here',' ','0000-00-00 00:00:00','','0000-00-00 00:00:00','','0000-00-00 00:00:00',''),('150242be5430c7','','gr','Cancel','','0000-00-00 00:00:00','','0000-00-00 00:00:00','','0000-00-00 00:00:00',''),('150242be5430c9','','gr','Error!','!!!','0000-00-00 00:00:00','','0000-00-00 00:00:00','','0000-00-00 00:00:00',''),('150242be5430cc','','gr','Send Email',' ','0000-00-00 00:00:00','','0000-00-00 00:00:00','','0000-00-00 00:00:00',''),('150242be5430cf','','gr','Email Successfully Sent','    ','0000-00-00 00:00:00','','0000-00-00 00:00:00','','0000-00-00 00:00:00',''),('150242be5430d2','','gr','The Email Is Sending','  ...','0000-00-00 00:00:00','','0000-00-00 00:00:00','','0000-00-00 00:00:00',''),('150242be5430d5','','gr','Please Wait...',' ...','0000-00-00 00:00:00','','0000-00-00 00:00:00','','0000-00-00 00:00:00',''),('150242be5430d8','','gr','Send Read Receipt','  ','0000-00-00 00:00:00','','0000-00-00 00:00:00','','0000-00-00 00:00:00',''),('150242be5430da','','gr','Report ID',' ID','0000-00-00 00:00:00','','0000-00-00 00:00:00','','0000-00-00 00:00:00',''),('150242be5430dd','','gr','Filetype',' ','0000-00-00 00:00:00','','0000-00-00 00:00:00','','0000-00-00 00:00:00',''),('150242be5430e0','','gr','Attached Report',' ','0000-00-00 00:00:00','','0000-00-00 00:00:00','','0000-00-00 00:00:00',''),('150242be5430e3','','gr','Message','','0000-00-00 00:00:00','','0000-00-00 00:00:00','','0000-00-00 00:00:00',''),('150242be5430e6','','gr','Subject','','0000-00-00 00:00:00','','0000-00-00 00:00:00','','0000-00-00 00:00:00',''),('150242be5430e8','','gr','ReplyTo',' ','0000-00-00 00:00:00','','0000-00-00 00:00:00','','0000-00-00 00:00:00',''),('150242be5430eb','','gr','From','','0000-00-00 00:00:00','','0000-00-00 00:00:00','','0000-00-00 00:00:00',''),('150242be5430f3','','gr','To','','0000-00-00 00:00:00','','0000-00-00 00:00:00','','0000-00-00 00:00:00',''),('150242be5430f6','','gr','HOME',' ','0000-00-00 00:00:00','','0000-00-00 00:00:00','','0000-00-00 00:00:00',''),('150242be5430f9','','gr','Yes','','0000-00-00 00:00:00','','0000-00-00 00:00:00','','0000-00-00 00:00:00',''),('150242be5430fb','','gr','Please see your System Administrator','      ','0000-00-00 00:00:00','','0000-00-00 00:00:00','','0000-00-00 00:00:00',''),('150242be5430ff','','gr','SMTP Email Information Not Setup','   SMTP   ','0000-00-00 00:00:00','','0000-00-00 00:00:00','','0000-00-00 00:00:00',''),('150242be543101','','gr','Ok','','0000-00-00 00:00:00','','0000-00-00 00:00:00','','0000-00-00 00:00:00',''),('150242be543104','','gr','Please input an email address to send to','         ','0000-00-00 00:00:00','','0000-00-00 00:00:00','','0000-00-00 00:00:00',''),('150242be543107','','gr','Please input valid email address(es) to send to','          ','0000-00-00 00:00:00','','0000-00-00 00:00:00','','0000-00-00 00:00:00',''),('150242be54310a','','gr','Please input an email address to send from','         ','0000-00-00 00:00:00','','0000-00-00 00:00:00','','0000-00-00 00:00:00',''),('150242be54310d','','gr','Please input a valid email address to send from','          ','0000-00-00 00:00:00','','0000-00-00 00:00:00','','0000-00-00 00:00:00',''),('150242be54310f','','gr','Please input a filename','    ','0000-00-00 00:00:00','','0000-00-00 00:00:00','','0000-00-00 00:00:00',''),('150242be543112','','gr','No','','0000-00-00 00:00:00','','0000-00-00 00:00:00','','0000-00-00 00:00:00',''),('150242be54311d','','gr','Delete','','0000-00-00 00:00:00','','0000-00-00 00:00:00','','0000-00-00 00:00:00',''),('150242be8c00a1','','lang','Close','Close','0000-00-00 00:00:00','','0000-00-00 00:00:00','','0000-00-00 00:00:00',''),('150242be8c00a5','','lang','Are You Sure?','Are You Sure?','0000-00-00 00:00:00','','0000-00-00 00:00:00','','0000-00-00 00:00:00',''),('150242be8c00a8','','lang','Print','Print','0000-00-00 00:00:00','','0000-00-00 00:00:00','','0000-00-00 00:00:00',''),('150242be8c00ab','','lang','Save','Save','0000-00-00 00:00:00','','0000-00-00 00:00:00','','0000-00-00 00:00:00',''),('150242be8c00b0','','lang','Add Record','Add Record','0000-00-00 00:00:00','','0000-00-00 00:00:00','','0000-00-00 00:00:00',''),('150242be8c00b3','','lang','Clone','Clone','0000-00-00 00:00:00','','0000-00-00 00:00:00','','0000-00-00 00:00:00',''),('150242be8c00bc','','lang','Logout','Logout','0000-00-00 00:00:00','','0000-00-00 00:00:00','','0000-00-00 00:00:00',''),('150242be8c00bf','','lang','Page','Page','0000-00-00 00:00:00','','0000-00-00 00:00:00','','0000-00-00 00:00:00',''),('150242be8c00c1','','lang','Search','Search','0000-00-00 00:00:00','','0000-00-00 00:00:00','','0000-00-00 00:00:00',''),('150242be8c00c4','','lang','You are here','You are here','0000-00-00 00:00:00','','0000-00-00 00:00:00','','0000-00-00 00:00:00',''),('150242be8c00c7','','lang','Cancel','Cancel','0000-00-00 00:00:00','','0000-00-00 00:00:00','','0000-00-00 00:00:00',''),('150242be8c00c9','','lang','Error!','Error','0000-00-00 00:00:00','','0000-00-00 00:00:00','','0000-00-00 00:00:00',''),('150242be8c00cc','','lang','Send Email','Send Email','0000-00-00 00:00:00','','0000-00-00 00:00:00','','0000-00-00 00:00:00',''),('150242be8c00cf','','lang','Email Successfully Sent','Email Successfully Sent','0000-00-00 00:00:00','','0000-00-00 00:00:00','','0000-00-00 00:00:00',''),('150242be8c00d2','','lang','The Email Is Sending','The Email Is Sending','0000-00-00 00:00:00','','0000-00-00 00:00:00','','0000-00-00 00:00:00',''),('150242be8c00d5','','lang','Please Wait...','Please Wait','0000-00-00 00:00:00','','0000-00-00 00:00:00','','0000-00-00 00:00:00',''),('150242be8c00d8','','lang','Send Read Receipt','Send Read Receipt','0000-00-00 00:00:00','','0000-00-00 00:00:00','','0000-00-00 00:00:00',''),('150242be8c00da','','lang','Report ID','Report ID','0000-00-00 00:00:00','','0000-00-00 00:00:00','','0000-00-00 00:00:00',''),('150242be8c00dd','','lang','Filetype','Filetype','0000-00-00 00:00:00','','0000-00-00 00:00:00','','0000-00-00 00:00:00',''),('150242be8c00e0','','lang','Attached Report','Attached Report','0000-00-00 00:00:00','','0000-00-00 00:00:00','','0000-00-00 00:00:00',''),('150242be8c00e3','','lang','Message','Message','0000-00-00 00:00:00','','0000-00-00 00:00:00','','0000-00-00 00:00:00',''),('150242be8c00e6','','lang','Subject','Subject','0000-00-00 00:00:00','','0000-00-00 00:00:00','','0000-00-00 00:00:00',''),('150242be8c00e8','','lang','ReplyTo','Reply To','0000-00-00 00:00:00','','0000-00-00 00:00:00','','0000-00-00 00:00:00',''),('150242be8c00eb','','lang','From','From','0000-00-00 00:00:00','','0000-00-00 00:00:00','','0000-00-00 00:00:00',''),('150242be8c00f3','','lang','To','To','0000-00-00 00:00:00','','0000-00-00 00:00:00','','0000-00-00 00:00:00',''),('150242be8c00f6','','lang','HOME','HOME','0000-00-00 00:00:00','','0000-00-00 00:00:00','','0000-00-00 00:00:00',''),('150242be8c00f9','','lang','Yes','Yes','0000-00-00 00:00:00','','0000-00-00 00:00:00','','0000-00-00 00:00:00',''),('150242be8c00fb','','lang','Please see your<BR>System Administrator','Please see your System Administrator','0000-00-00 00:00:00','','0000-00-00 00:00:00','','0000-00-00 00:00:00',''),('150242be8c00ff','','lang','SMTP Email Information Not Setup','SMTP Email Information Not Setup','0000-00-00 00:00:00','','0000-00-00 00:00:00','','0000-00-00 00:00:00',''),('150242be8c0101','','lang','Ok','Ok','0000-00-00 00:00:00','','0000-00-00 00:00:00','','0000-00-00 00:00:00',''),('150242be8c0104','','lang','Please input an email address to send to','Please input an email address to send to','0000-00-00 00:00:00','','0000-00-00 00:00:00','','0000-00-00 00:00:00',''),('150242be8c0107','','lang','Please input valid email address(es) to send to','Please input valid email address(es) to send to','0000-00-00 00:00:00','','0000-00-00 00:00:00','','0000-00-00 00:00:00',''),('150242be8c010a','','lang','Please input an email address to send from','Please input an email address to send from','0000-00-00 00:00:00','','0000-00-00 00:00:00','','0000-00-00 00:00:00',''),('150242be8c010d','','lang','Please input a valid email address to send from','Please input a valid email address to send from','0000-00-00 00:00:00','','0000-00-00 00:00:00','','0000-00-00 00:00:00',''),('150242be8c010f','','lang','Please input a filename','Please input a filename','0000-00-00 00:00:00','','0000-00-00 00:00:00','','0000-00-00 00:00:00',''),('150242be8c0112','','lang','No','No','0000-00-00 00:00:00','','0000-00-00 00:00:00','','0000-00-00 00:00:00',''),('150242be8c011d','','lang','Delete','Delete','0000-00-00 00:00:00','','0000-00-00 00:00:00','','0000-00-00 00:00:00',''),('150242bz8c00a1','','it','Close','Chiudi','0000-00-00 00:00:00','','0000-00-00 00:00:00','','0000-00-00 00:00:00',''),('150242bz8c00a5','','it','Are You Sure?','Confermi?','0000-00-00 00:00:00','','0000-00-00 00:00:00','','0000-00-00 00:00:00',''),('150242bz8c00a8','','it','Print','Stampa','0000-00-00 00:00:00','','0000-00-00 00:00:00','','0000-00-00 00:00:00',''),('150242bz8c00ab','','it','Save','Salva','0000-00-00 00:00:00','','0000-00-00 00:00:00','','0000-00-00 00:00:00',''),('150242bz8c00b0','','it','Add Record','Nuovo','0000-00-00 00:00:00','','0000-00-00 00:00:00','','0000-00-00 00:00:00',''),('150242bz8c00b3','','it','Clone','Duplica','0000-00-00 00:00:00','','0000-00-00 00:00:00','','0000-00-00 00:00:00',''),('150242bz8c00bc','','it','Logout','Esci','0000-00-00 00:00:00','','0000-00-00 00:00:00','','0000-00-00 00:00:00',''),('150242bz8c00bf','','it','Page','Pagina','0000-00-00 00:00:00','','0000-00-00 00:00:00','','0000-00-00 00:00:00',''),('150242bz8c00c1','','it','Search','Cerca','0000-00-00 00:00:00','','0000-00-00 00:00:00','','0000-00-00 00:00:00',''),('150242bz8c00c4','','it','You are here','Ti trovi qui','0000-00-00 00:00:00','','0000-00-00 00:00:00','','0000-00-00 00:00:00',''),('150242bz8c00c7','','it','Cancel','Cancella','0000-00-00 00:00:00','','0000-00-00 00:00:00','','0000-00-00 00:00:00',''),('150242bz8c00c9','','it','Error!','Errore!','0000-00-00 00:00:00','','0000-00-00 00:00:00','','0000-00-00 00:00:00',''),('150242bz8c00cc','','it','Send Email','Invia Email','0000-00-00 00:00:00','','0000-00-00 00:00:00','','0000-00-00 00:00:00',''),('150242bz8c00cf','','it','Email Successfully Sent','Email inviata correttamente','0000-00-00 00:00:00','','0000-00-00 00:00:00','','0000-00-00 00:00:00',''),('150242bz8c00d2','','it','The Email Is Sending','Invio Email in corso...','0000-00-00 00:00:00','','0000-00-00 00:00:00','','0000-00-00 00:00:00',''),('150242bz8c00d5','','it','Please Wait...','Attendere prego...','0000-00-00 00:00:00','','0000-00-00 00:00:00','','0000-00-00 00:00:00',''),('150242bz8c00d8','','it','Send Read Receipt','Inviare confema di lettura','0000-00-00 00:00:00','','0000-00-00 00:00:00','','0000-00-00 00:00:00',''),('150242bz8c00da','','it','Report ID','Report ID','0000-00-00 00:00:00','','0000-00-00 00:00:00','','0000-00-00 00:00:00',''),('150242bz8c00dd','','it','Filetype','Filetype','0000-00-00 00:00:00','','0000-00-00 00:00:00','','0000-00-00 00:00:00',''),('150242bz8c00e0','','it','Attached Report','Report allegato','0000-00-00 00:00:00','','0000-00-00 00:00:00','','0000-00-00 00:00:00',''),('150242bz8c00e3','','it','Message','Messaggio','0000-00-00 00:00:00','','0000-00-00 00:00:00','','0000-00-00 00:00:00',''),('150242bz8c00e6','','it','Subject','Soggetto','0000-00-00 00:00:00','','0000-00-00 00:00:00','','0000-00-00 00:00:00',''),('150242bz8c00e8','','it','ReplyTo','Rispondi','0000-00-00 00:00:00','','0000-00-00 00:00:00','','0000-00-00 00:00:00',''),('150242bz8c00eb','','it','From','Da','0000-00-00 00:00:00','','0000-00-00 00:00:00','','0000-00-00 00:00:00',''),('150242bz8c00f3','','it','To','A','0000-00-00 00:00:00','','0000-00-00 00:00:00','','0000-00-00 00:00:00',''),('150242bz8c00f6','','it','HOME','HOME','0000-00-00 00:00:00','','0000-00-00 00:00:00','','0000-00-00 00:00:00',''),('150242bz8c00f9','','it','Yes','Si','0000-00-00 00:00:00','','0000-00-00 00:00:00','','0000-00-00 00:00:00',''),('150242bz8c00fb','','it','Please see your<BR>System Administrator','Contatta il tuo amministratore di sistema','0000-00-00 00:00:00','','0000-00-00 00:00:00','','0000-00-00 00:00:00',''),('150242bz8c00ff','','it','SMTP Email Information Not Setup','Informazioni Email SMTP non configurate','0000-00-00 00:00:00','','0000-00-00 00:00:00','','0000-00-00 00:00:00',''),('150242bz8c0101','','it','Ok','Ok','0000-00-00 00:00:00','','0000-00-00 00:00:00','','0000-00-00 00:00:00',''),('150242bz8c0104','','it','Please input an email address to send to','Inserire indirizzo email destinatario','0000-00-00 00:00:00','','0000-00-00 00:00:00','','0000-00-00 00:00:00',''),('150242bz8c0107','','it','Please input valid email address(es) to send to','Inserire un indirizzo email destinatario valido','0000-00-00 00:00:00','','0000-00-00 00:00:00','','0000-00-00 00:00:00',''),('150242bz8c010a','','it','Please input an email address to send from','Inserire indirizzo email mittente','0000-00-00 00:00:00','','0000-00-00 00:00:00','','0000-00-00 00:00:00',''),('150242bz8c010d','','it','Please input a valid email address to send from','Inserire un valido indirizzo email mittente','0000-00-00 00:00:00','','0000-00-00 00:00:00','','0000-00-00 00:00:00',''),('150242bz8c010f','','it','Please input a filename','Inserire il nome di un file','0000-00-00 00:00:00','','0000-00-00 00:00:00','','0000-00-00 00:00:00',''),('150242bz8c0112','','it','No','No','0000-00-00 00:00:00','','0000-00-00 00:00:00','','0000-00-00 00:00:00',''),('150242bz8c011d','','it','Delete','Elimina','0000-00-00 00:00:00','','0000-00-00 00:00:00','','0000-00-00 00:00:00',''),('15029941c9cc41','','it','you have been logged out','Sei stato disconnesso...','0000-00-00 00:00:00','','0000-00-00 00:00:00','','0000-00-00 00:00:00',''),('15029972f2bac7','','it','You do not have access','Non sei autorizzato ad accedere...','0000-00-00 00:00:00','','0000-00-00 00:00:00','','0000-00-00 00:00:00',''),('150299f3d1c36f','','it','Report has Expired','Il report  scaduto...','0000-00-00 00:00:00','','0000-00-00 00:00:00','','0000-00-00 00:00:00',''),('150299ff3507ed','','it','No Such Report','Report inesistente...','0000-00-00 00:00:00','','0000-00-00 00:00:00','','0000-00-00 00:00:00',''),('2c38dec47','','ro','Close','Inchide','0000-00-00 00:00:00','','0000-00-00 00:00:00','','0000-00-00 00:00:00',''),('522413ca87a3d62','','spanish','Powered By','Diseado Por','0000-00-00 00:00:00','','0000-00-00 00:00:00','','0000-00-00 00:00:00',''),('522418171c52f33','','gr','Home',' ','0000-00-00 00:00:00','','0000-00-00 00:00:00','','0000-00-00 00:00:00',''),('5224182a7c09135','','spanish','Home','INICIO','0000-00-00 00:00:00','','0000-00-00 00:00:00','','0000-00-00 00:00:00',''),('52241927d04f1f0','','Spanish','New Record','Nuevo Registro','0000-00-00 00:00:00','','0000-00-00 00:00:00','','0000-00-00 00:00:00',''),('hhhhheae52fdf9','','NDL','Close','Sluiten','0000-00-00 00:00:00','','0000-00-00 00:00:00','','0000-00-00 00:00:00',''),('hhhhheaf52807c','','NDL','Are You Sure?','Ben je zeker','0000-00-00 00:00:00','','0000-00-00 00:00:00','','0000-00-00 00:00:00',''),('hhhhheb02c5ca7','','NDL','Delete','Verwijder','0000-00-00 00:00:00','','0000-00-00 00:00:00','','0000-00-00 00:00:00',''),('hhhhheb55896f8','','NDL','Print','Print','0000-00-00 00:00:00','','0000-00-00 00:00:00','','0000-00-00 00:00:00',''),('hhhhheb79d9c9d','','NDL','Save','Bewaar','0000-00-00 00:00:00','','0000-00-00 00:00:00','','0000-00-00 00:00:00',''),('hhhhheb8aef6f7','','NDL','Add Record','Item toevoegen','0000-00-00 00:00:00','','0000-00-00 00:00:00','','0000-00-00 00:00:00',''),('hhhhheb9d2ed63','','NDL','Clone','Kopieer','0000-00-00 00:00:00','','0000-00-00 00:00:00','','0000-00-00 00:00:00',''),('hhhhhebafa8a1c','','NDL','Logout','Uitloggen','0000-00-00 00:00:00','','0000-00-00 00:00:00','','0000-00-00 00:00:00',''),('hhhhhebbb43186','','NDL','Page','Pagina','0000-00-00 00:00:00','','0000-00-00 00:00:00','','0000-00-00 00:00:00',''),('hhhhhebc92237d','','NDL','Search','Zoeken','0000-00-00 00:00:00','','0000-00-00 00:00:00','','0000-00-00 00:00:00',''),('hhhhhebd7f4111','','NDL','You are here','Jij bent hier','0000-00-00 00:00:00','','0000-00-00 00:00:00','','0000-00-00 00:00:00',''),('hhhhhebf3e645a','','NDL','Cancel','Annuleer','0000-00-00 00:00:00','','0000-00-00 00:00:00','','0000-00-00 00:00:00',''),('hhhhhec03dcf60','','NDL','Error!','Fout!','0000-00-00 00:00:00','','0000-00-00 00:00:00','','0000-00-00 00:00:00',''),('hhhhhec12169bf','','NDL','Send Email','E-mail verzenden','0000-00-00 00:00:00','','0000-00-00 00:00:00','','0000-00-00 00:00:00',''),('hhhhhec2256b7e','','NDL','Email Successfully Sent','E-mail succesvol verzonden','0000-00-00 00:00:00','','0000-00-00 00:00:00','','0000-00-00 00:00:00',''),('hhhhhec2e61b38','','NDL','The Email Is Sending','E-mail aan het verzenden','0000-00-00 00:00:00','','0000-00-00 00:00:00','','0000-00-00 00:00:00',''),('hhhhhec3a828b6','','NDL','Please Wait...','Wachten aub  ','0000-00-00 00:00:00','','0000-00-00 00:00:00','','0000-00-00 00:00:00',''),('hhhhhec4a2c82a','','NDL','Send Read Receipt','Leesbevestiging verzenden','0000-00-00 00:00:00','','0000-00-00 00:00:00','','0000-00-00 00:00:00',''),('hhhhhec55ae5bb','','NDL','Report ID','Rapport ID','0000-00-00 00:00:00','','0000-00-00 00:00:00','','0000-00-00 00:00:00',''),('hhhhhec616a61f','','NDL','Filetype','Bestandstype','0000-00-00 00:00:00','','0000-00-00 00:00:00','','0000-00-00 00:00:00',''),('hhhhhec71c67ac','','NDL','Attached Report','Ingesloten rapport','0000-00-00 00:00:00','','0000-00-00 00:00:00','','0000-00-00 00:00:00',''),('hhhhhec7f13c9e','','NDL','Message','Bericht','0000-00-00 00:00:00','','0000-00-00 00:00:00','','0000-00-00 00:00:00',''),('hhhhhec8c0701c','','NDL','Subject','Onderwerp','0000-00-00 00:00:00','','0000-00-00 00:00:00','','0000-00-00 00:00:00',''),('hhhhhec9be7a6c','','NDL','From','Van','0000-00-00 00:00:00','','0000-00-00 00:00:00','','0000-00-00 00:00:00',''),('hhhhhecb1737ee','','NDL','No','Nee','0000-00-00 00:00:00','','0000-00-00 00:00:00','','0000-00-00 00:00:00',''),('hhhhhecbb9a6cd','','NDL','To','Aan','0000-00-00 00:00:00','','0000-00-00 00:00:00','','0000-00-00 00:00:00',''),('hhhhhecd0110c4','','NDL','HOME','HOME','0000-00-00 00:00:00','','0000-00-00 00:00:00','','0000-00-00 00:00:00',''),('hhhhhecdb17312','','NDL','Yes','Ja','0000-00-00 00:00:00','','0000-00-00 00:00:00','','0000-00-00 00:00:00',''),('hhhhhecea976b8','','NDL','Please see your<BR>System Administrator','Contacteer uw systeembeheerder','0000-00-00 00:00:00','','0000-00-00 00:00:00','','0000-00-00 00:00:00',''),('hhhhhecf8e3585','','NDL','SMTP Email Information Not Setup','De SMTP e-mail instellingen zijn niet ingegeven.','0000-00-00 00:00:00','','0000-00-00 00:00:00','','0000-00-00 00:00:00',''),('hhhhhed04058e2','','NDL','Ok','OK','0000-00-00 00:00:00','','0000-00-00 00:00:00','','0000-00-00 00:00:00',''),('hhhhhed12a97b8','','NDL','Please input an email address to send to','Gelieve een mailadres van de geadresseerde in te vullen.','0000-00-00 00:00:00','','0000-00-00 00:00:00','','0000-00-00 00:00:00',''),('hhhhhed23d7e33','','NDL','Please input valid email address(es) to send to','Gelieve een geldig mailadres van de geadresseerde in te vullen.','0000-00-00 00:00:00','','0000-00-00 00:00:00','','0000-00-00 00:00:00',''),('hhhhhed34e639b','','NDL','Please input an email address to send from','Gelieve een mailadres van de afzender in te vullen.','0000-00-00 00:00:00','','0000-00-00 00:00:00','','0000-00-00 00:00:00',''),('hhhhhed45a72b7','','NDL','Please input a valid email address to send from','Gelieve een geldig mailadres van de afzender in te vullen.','0000-00-00 00:00:00','','0000-00-00 00:00:00','','0000-00-00 00:00:00',''),('hhhhhed5403ce0','','NDL','Please input a filename','Gelieve een bestandsnaam in te geven.','0000-00-00 00:00:00','','0000-00-00 00:00:00','','0000-00-00 00:00:00',''),('hhhhhee30c1425','','NDL','ReplyTo','Antwoorden aan','0000-00-00 00:00:00','','0000-00-00 00:00:00','','0000-00-00 00:00:00',''),('roror2c61c4e30','','ro','Are You Sure?','Esti sigur?','0000-00-00 00:00:00','','0000-00-00 00:00:00','','0000-00-00 00:00:00',''),('roror2c9c823c7','','ro','Print','Afisare','0000-00-00 00:00:00','','0000-00-00 00:00:00','','0000-00-00 00:00:00',''),('roror2cb8aac3e','','ro','Save','Salvare','0000-00-00 00:00:00','','0000-00-00 00:00:00','','0000-00-00 00:00:00',''),('roror2cd09a688','','ro','Delete','Sterge','0000-00-00 00:00:00','','0000-00-00 00:00:00','','0000-00-00 00:00:00',''),('roror2cea74133','','ro','Add Record','Adauga','0000-00-00 00:00:00','','0000-00-00 00:00:00','','0000-00-00 00:00:00',''),('roror2d03da20c','','ro','Clone','Cloneaza','0000-00-00 00:00:00','','0000-00-00 00:00:00','','0000-00-00 00:00:00',''),('roror2d1b0868f','','ro','Logout','Iesire','0000-00-00 00:00:00','','0000-00-00 00:00:00','','0000-00-00 00:00:00',''),('roror2d30b5819','','ro','Page','Pagina','0000-00-00 00:00:00','','0000-00-00 00:00:00','','0000-00-00 00:00:00',''),('roror2d4e56895','','ro','Search','Cautare','0000-00-00 00:00:00','','0000-00-00 00:00:00','','0000-00-00 00:00:00',''),('roror2d680f006','','ro','You are here','Esti aici','0000-00-00 00:00:00','','0000-00-00 00:00:00','','0000-00-00 00:00:00',''),('roror2d847607a','','ro','Cancel','Anulare','0000-00-00 00:00:00','','0000-00-00 00:00:00','','0000-00-00 00:00:00',''),('roror2e691902f','','ro','Error!','Eroare!','0000-00-00 00:00:00','','0000-00-00 00:00:00','','0000-00-00 00:00:00',''),('roror2ece56c7a','','ro','Send Email','Trimite Email','0000-00-00 00:00:00','','0000-00-00 00:00:00','','0000-00-00 00:00:00',''),('roror2f09abfc2','','ro','Email Successfully Sent','Email-ul a fost trimis cu succes!','0000-00-00 00:00:00','','0000-00-00 00:00:00','','0000-00-00 00:00:00',''),('roror2f2084ade','','ro','Please Wait...','Va rugam asteptati.....','0000-00-00 00:00:00','','0000-00-00 00:00:00','','0000-00-00 00:00:00',''),('roror2f5d77bd1','','ro','Send Read Receipt','Trimite confirmare de citire','0000-00-00 00:00:00','','0000-00-00 00:00:00','','0000-00-00 00:00:00',''),('roror353c1a7a3','','ro','Report ID','Raport ID','0000-00-00 00:00:00','','0000-00-00 00:00:00','','0000-00-00 00:00:00',''),('roror3559d8a9b','','ro','Filetype','Tip de fisier','0000-00-00 00:00:00','','0000-00-00 00:00:00','','0000-00-00 00:00:00',''),('roror35789835d','','ro','Attached Report','Ataseaza raport','0000-00-00 00:00:00','','0000-00-00 00:00:00','','0000-00-00 00:00:00',''),('roror359b9e11d','','ro','Message','Mesaj','0000-00-00 00:00:00','','0000-00-00 00:00:00','','0000-00-00 00:00:00',''),('roror35b264f0c','','ro','Subject','Subiect','0000-00-00 00:00:00','','0000-00-00 00:00:00','','0000-00-00 00:00:00',''),('roror35c733ddf','','ro','ReplyTo','Raspunde la','0000-00-00 00:00:00','','0000-00-00 00:00:00','','0000-00-00 00:00:00',''),('roror35db51a6e','','ro','From','De la','0000-00-00 00:00:00','','0000-00-00 00:00:00','','0000-00-00 00:00:00',''),('roror35efca806','','ro','No','Nu','0000-00-00 00:00:00','','0000-00-00 00:00:00','','0000-00-00 00:00:00',''),('roror36062dc37','','ro','To','Catre','0000-00-00 00:00:00','','0000-00-00 00:00:00','','0000-00-00 00:00:00',''),('roror363d96034','','ro','HOME','Home','0000-00-00 00:00:00','','0000-00-00 00:00:00','','0000-00-00 00:00:00',''),('roror369065eae','','ro','Yes','Da','0000-00-00 00:00:00','','0000-00-00 00:00:00','','0000-00-00 00:00:00',''),('roror3755d82cd','','ro','Please see your<BR>System Administrator','Contacteaza<BR>Administratorul de Sistem','0000-00-00 00:00:00','','0000-00-00 00:00:00','','0000-00-00 00:00:00',''),('roror377e6b885','','ro','SMTP Email Information Not Setup','SMTP Informatii Email (fara setare)','0000-00-00 00:00:00','','0000-00-00 00:00:00','','0000-00-00 00:00:00',''),('roror3810d5bbd','','ro','Ok','Acceptare','0000-00-00 00:00:00','','0000-00-00 00:00:00','','0000-00-00 00:00:00',''),('roror3832ac3ac','','ro','Please input an email address to send to','Va rugam introduceti o adresa de email pentru a trimite catre','0000-00-00 00:00:00','','0000-00-00 00:00:00','','0000-00-00 00:00:00',''),('roror385e9f0b9','','ro','Please input valid email address(es) to send to','Introduceti adresa /adresele valide de email pentru a trimite catre','0000-00-00 00:00:00','','0000-00-00 00:00:00','','0000-00-00 00:00:00',''),('roror387abd904','','ro','Please input an email address to send from','Va rugam introduceti o adresa de email pentru a trimite de la','0000-00-00 00:00:00','','0000-00-00 00:00:00','','0000-00-00 00:00:00',''),('roror389590a47','','ro','Please input a valid email address to send from','Va rugam sa introduceti o adresa valida de email pentru a trimite de la','0000-00-00 00:00:00','','0000-00-00 00:00:00','','0000-00-00 00:00:00',''),('roror38afacb7d','','ro','Please input a filename','Va rugam sa introduceti un nume de fisier','0000-00-00 00:00:00','','0000-00-00 00:00:00','','0000-00-00 00:00:00',''),('roror38c7db97d','','ro','Language','Limba','0000-00-00 00:00:00','','0000-00-00 00:00:00','','0000-00-00 00:00:00',''),('roror38dce0f69','','ro','Translation','Traducere','0000-00-00 00:00:00','','0000-00-00 00:00:00','','0000-00-00 00:00:00',''),('roror38f3eb377','','ro','Access Level','Nivel de Acces','0000-00-00 00:00:00','','0000-00-00 00:00:00','','0000-00-00 00:00:00',''),('roror390b27a91','','ro','Users','Utilizatori','0000-00-00 00:00:00','','0000-00-00 00:00:00','','0000-00-00 00:00:00',''),('roror3922c0fb3','','ro','Report','Raport','0000-00-00 00:00:00','','0000-00-00 00:00:00','','0000-00-00 00:00:00','');
/*!40000 ALTER TABLE `zzzsys_translate` ENABLE KEYS */;
UNLOCK TABLES;

--
-- Table structure for table `zzzsys_user`
--

DROP TABLE IF EXISTS `zzzsys_user`;
/*!40101 SET @saved_cs_client     = @@character_set_client */;
/*!40101 SET character_set_client = utf8 */;
CREATE TABLE `zzzsys_user` (
  `zzzsys_user_id` varchar(25) NOT NULL DEFAULT '',
  `zzzsys_user_setup` varchar(1) NOT NULL,
  `sus_zzzsys_user_group_id` varchar(25) DEFAULT NULL,
  `sus_name` varchar(50) DEFAULT NULL,
  `sus_email` varchar(255) DEFAULT NULL,
  `sus_login_name` varchar(20) DEFAULT NULL,
  `sus_login_password` varchar(40) DEFAULT NULL,
  `zzzsys_user_log_added_at` datetime NOT NULL,
  `zzzsys_user_log_added_by` varchar(25) NOT NULL,
  `zzzsys_user_log_changed_at` datetime NOT NULL,
  `zzzsys_user_log_changed_by` varchar(25) NOT NULL,
  `zzzsys_user_log_viewed_at` datetime NOT NULL,
  `zzzsys_user_log_viewed_by` varchar(25) NOT NULL,
  PRIMARY KEY (`zzzsys_user_id`),
  KEY `sus_zzzsys_user_group_id` (`sus_zzzsys_user_group_id`)
) ENGINE=InnoDB DEFAULT CHARSET=utf8;
/*!40101 SET character_set_client = @saved_cs_client */;

--
-- Dumping data for table `zzzsys_user`
--

LOCK TABLES `zzzsys_user` WRITE;
/*!40000 ALTER TABLE `zzzsys_user` DISABLE KEYS */;
/*!40000 ALTER TABLE `zzzsys_user` ENABLE KEYS */;
UNLOCK TABLES;

--
-- Table structure for table `zzzsys_user_group`
--

DROP TABLE IF EXISTS `zzzsys_user_group`;
/*!40101 SET @saved_cs_client     = @@character_set_client */;
/*!40101 SET character_set_client = utf8 */;
CREATE TABLE `zzzsys_user_group` (
  `zzzsys_user_group_id` varchar(25) NOT NULL DEFAULT '',
  `zzzsys_user_group_setup` varchar(1) NOT NULL,
  `sug_code` varchar(50) DEFAULT NULL,
  `sug_description` varchar(255) DEFAULT NULL,
  `sug_zzzsys_access_level_id` varchar(25) DEFAULT NULL,
  `zzzsys_user_group_log_added_at` datetime NOT NULL,
  `zzzsys_user_group_log_added_by` varchar(25) NOT NULL,
  `zzzsys_user_group_log_changed_at` datetime NOT NULL,
  `zzzsys_user_group_log_changed_by` varchar(25) NOT NULL,
  `zzzsys_user_group_log_viewed_at` datetime NOT NULL,
  `zzzsys_user_group_log_viewed_by` varchar(25) NOT NULL,
  PRIMARY KEY (`zzzsys_user_group_id`),
  KEY `sug_zzzsys_access_level_id` (`sug_zzzsys_access_level_id`)
) ENGINE=InnoDB DEFAULT CHARSET=utf8;
/*!40101 SET character_set_client = @saved_cs_client */;

--
-- Dumping data for table `zzzsys_user_group`
--

LOCK TABLES `zzzsys_user_group` WRITE;
/*!40000 ALTER TABLE `zzzsys_user_group` DISABLE KEYS */;
/*!40000 ALTER TABLE `zzzsys_user_group` ENABLE KEYS */;
UNLOCK TABLES;

--
-- Table structure for table `zzzsys_user_log`
--

DROP TABLE IF EXISTS `zzzsys_user_log`;
/*!40101 SET @saved_cs_client     = @@character_set_client */;
/*!40101 SET character_set_client = utf8 */;
CREATE TABLE `zzzsys_user_log` (
  `zzzsys_user_log_id` varchar(25) NOT NULL DEFAULT '',
  `zzzsys_user_log_setup` varchar(1) NOT NULL,
  `sul_zzzsys_user_id` varchar(25) DEFAULT NULL,
  `sul_ip` varchar(25) DEFAULT NULL,
  `sul_start` datetime DEFAULT NULL,
  `sul_end` datetime DEFAULT NULL,
  `zzzsys_user_log_log_added_at` datetime NOT NULL,
  `zzzsys_user_log_log_added_by` varchar(25) NOT NULL,
  `zzzsys_user_log_log_changed_at` datetime NOT NULL,
  `zzzsys_user_log_log_changed_by` varchar(25) NOT NULL,
  `zzzsys_user_log_log_viewed_at` datetime NOT NULL,
  `zzzsys_user_log_log_viewed_by` varchar(25) NOT NULL,
  PRIMARY KEY (`zzzsys_user_log_id`),
  KEY `sul_zzzsys_user_id` (`sul_zzzsys_user_id`)
) ENGINE=InnoDB DEFAULT CHARSET=utf8;
/*!40101 SET character_set_client = @saved_cs_client */;

--
-- Dumping data for table `zzzsys_user_log`
--

LOCK TABLES `zzzsys_user_log` WRITE;
/*!40000 ALTER TABLE `zzzsys_user_log` DISABLE KEYS */;
/*!40000 ALTER TABLE `zzzsys_user_log` ENABLE KEYS */;
UNLOCK TABLES;
/*!40103 SET TIME_ZONE=@OLD_TIME_ZONE */;

/*!40101 SET SQL_MODE=@OLD_SQL_MODE */;
/*!40014 SET FOREIGN_KEY_CHECKS=@OLD_FOREIGN_KEY_CHECKS */;
/*!40014 SET UNIQUE_CHECKS=@OLD_UNIQUE_CHECKS */;
/*!40101 SET CHARACTER_SET_CLIENT=@OLD_CHARACTER_SET_CLIENT */;
/*!40101 SET CHARACTER_SET_RESULTS=@OLD_CHARACTER_SET_RESULTS */;
/*!40101 SET COLLATION_CONNECTION=@OLD_COLLATION_CONNECTION */;
/*!40111 SET SQL_NOTES=@OLD_SQL_NOTES */;

-- Dump completed on 2014-01-17 13:09:08
